Rank,Username,Submitted,Model Report Link,MA-MCC,MA-MCC std,MA-Accuracy,MA-Accuracy std,MA-Precision,MA-Precision std,MA-Recall,MA-Recall std,MA-F1 Score,MA-F1 Score std,Proprietary Data,Open Code
1,asparagine,2026-09-22 08:47 UTC,Not submitted,0.4941308773768616,0.0554398830869553,0.8707322404371585,0.0123290417519691,0.6955446579731734,0.0657729377375431,0.4869294578716074,0.0534965425833914,0.5610063665122741,0.0533546947211206,No,No
2,TeamPozeSCAF,2026-09-22 05:19 UTC,https://docs.google.com/document/d/1ohRu6s3tod3sjRF2gV3mYdoe9cHzgn-dYE5ruSyBrWg/edit?usp=drive_link,0.448916454727702,0.0520615711532397,0.8661571038251366,0.012863524207429,0.6204851559691719,0.0609689346247435,0.454357963892639,0.0511864160864731,0.5210366342891527,0.048378071260481,No,No
3,Asidsal11,2026-09-11 21:45 UTC,Not submitted,0.4409573443998343,0.0607234994176037,0.8622090163934426,0.0127825191027872,0.7115882937483838,0.0774145280629656,0.4132648206791808,0.0544649335981321,0.4940371815224307,0.0610428005618563,No,No
4,harinu123,2026-09-09 20:45 UTC,Not submitted,0.4407481963356398,0.0510077261295957,0.8577800546448088,0.0131074969271573,0.5317825796358878,0.0541344321557903,0.5380329973389604,0.0522916530237005,0.5320868161662702,0.0464637696495184,No,No
5,vyshu9966,2026-09-21 10:02 UTC,Not submitted,0.4398280727967363,0.0517957154793916,0.8633893442622952,0.012756534287463,0.6194937618105459,0.0602794952927181,0.440177946570671,0.0511510696478419,0.5109957925396725,0.0484092590894248,No,No
6,vaishu53,2026-09-21 09:41 UTC,Not submitted,0.4378189920564206,0.0505385961701095,0.8593128415300547,0.0128745887786017,0.5707739566074009,0.0545210386038654,0.4873847892091997,0.0526009892968658,0.5220844369236841,0.0466698167093047,No,No
7,lex,2026-09-20 06:06 UTC,Not submitted,0.4296168745921094,0.0517403900322251,0.8486256830601093,0.0126057820273909,0.5492737310122587,0.0565913542018857,0.5151282475718123,0.054862652057305,0.5276506680499573,0.0478790623356834,No,No
8,20p1a,2026-09-21 10:27 UTC,Not submitted,0.4274296918171424,0.0548311419035833,0.8661680327868853,0.012742524530627,0.6236289560463554,0.0685855101711497,0.4161813397695136,0.0504143538888101,0.4940020012272306,0.0516178945060856,No,No
9,newcyp,2026-09-22 07:48 UTC,Not submitted,0.4231416111787763,0.0459455537987885,0.8337103825136613,0.0133412810001269,0.4831782546220137,0.0439499318774664,0.5922860227569093,0.0536295946014664,0.5233731934746524,0.0417034010771437,No,No
10,yourchoice,2026-09-22 07:02 UTC,Not submitted,0.4139808972108463,0.0508531806507498,0.8417636612021857,0.0131053434749475,0.5063045636736467,0.0507159883052521,0.5337625162366737,0.0568060549333328,0.5164210973417561,0.0462082933907671,No,No
11,curiousone,2026-09-18 17:46 UTC,Not submitted,0.4134178054985871,0.0509113100429359,0.8485177595628416,0.013087513871463,0.5176099460136366,0.0528212879567592,0.5090257961128954,0.0539890503368269,0.510081699257314,0.0466642895295324,No,No
12,450nm,2026-09-13 14:30 UTC,https://openadmet-cyp-dashboard.vercel.app/operating_dashboard,0.4091323807620136,0.0512556488176061,0.8526680327868852,0.0127080114868366,0.541749611757226,0.0521005145265583,0.4640746384096418,0.0561021358416848,0.4896079818001599,0.0478096773445044,No,No
13,PIPL-Bio,2026-09-13 10:04 UTC,Not submitted,0.405980559978909,0.0525988827860904,0.8317581967213115,0.0139301106682834,0.4879983248274867,0.0555274395798575,0.5611326899468863,0.0527967061779366,0.5135679794694459,0.0480337226038718,No,No
14,jeremy,2026-09-04 12:10 UTC,https://github.com/jeremycheminf/openadmet_scripts/tree/main/CYP_Challenge,0.4024704227752518,0.0503945263586183,0.8432759562841531,0.0130539934710937,0.4932905083972954,0.0498914920830086,0.5198490314852077,0.0554209162471502,0.5029301268248756,0.0458598491950146,No,Yes
15,aries,2026-09-22 01:46 UTC,Not submitted,0.4010111939089325,0.0554902167569875,0.8302622950819671,0.0135221385473547,0.5668846066552556,0.0647378505673607,0.4755387793333498,0.0547571190144171,0.5083317274182879,0.0516398286797427,No,No
16,NorthCoil,2026-09-21 15:28 UTC,Not submitted,0.3991847308958356,0.045967419635861,0.8027554644808743,0.0142908020659536,0.4187665443705429,0.0437524119043772,0.6609318582986635,0.051232879013109,0.5087440398869745,0.0419463581476333,No,No
17,vyshuG15,2026-09-21 04:05 UTC,Not submitted,0.3970423007284875,0.0586348795400867,0.8566516393442624,0.0132207617195097,0.6234954949895247,0.0799710043563925,0.3819387475977285,0.0504140315786274,0.4637718176295106,0.0547354011988791,No,No
18,test,2026-09-22 00:59 UTC,Not submitted,0.3958071795345452,0.0594738585410794,0.8584303278688525,0.0133802593093908,0.6434985352337483,0.0790368160566867,0.3551748859232109,0.0511371048901587,0.4514877688905999,0.0563284610091118,No,No
19,JSHCF,2026-09-10 09:59 UTC,Not submitted,0.3846309391968611,0.059268454378104,0.8456680327868853,0.013695903172858,0.5466528782527785,0.0706001653426474,0.4378578102962679,0.0541089073356882,0.4777040383717294,0.0546771407365829,No,No
20,TeamPrescience,2026-09-21 12:52 UTC,Not submitted,0.3838502464394455,0.0520685634111203,0.8150519125683061,0.0144491316146082,0.4471718167753167,0.055728910469016,0.5840969294026923,0.0516731701694929,0.493610800764984,0.0480056953061701,No,No
21,lgb,2026-09-22 08:16 UTC,Not submitted,0.3794334418125942,0.0517089311972172,0.8360669398907103,0.013710411420544,0.5026223171425342,0.0507550687205471,0.4680025357421575,0.0564368621537944,0.4759413303646677,0.0477927950857836,No,No
22,Gashaw,2026-09-14 23:59 UTC,Not submitted,0.3759621300369185,0.0455698463415132,0.8316734972677595,0.0132677704007967,0.4686860663311871,0.0409248373389184,0.5052273319654643,0.0543497071514435,0.4706702015257524,0.0410703198624169,No,No
23,SVK091,2026-09-01 13:00 UTC,Not submitted,0.3736885711083101,0.0536741827581207,0.8447062841530054,0.0133851462360063,0.5374793293402916,0.0577030799579068,0.4066280548674529,0.0554176806847615,0.4551417427255188,0.0502263537542371,No,No
24,EleanorRigby,2026-09-21 14:15 UTC,Not submitted,0.3707879570290904,0.0506194410906187,0.8250560109289617,0.0132458392599819,0.4414667635868386,0.062947498067444,0.5512941599891565,0.0445208138306182,0.4660411879434078,0.0462794986432926,No,No
25,ppsqq,2026-09-21 12:50 UTC,Not submitted,0.3706983305360929,0.0487876713571671,0.824983606557377,0.0134587813911548,0.4424099767888325,0.0455800509419563,0.5377391357835488,0.0547267786891893,0.4822160030155525,0.0438502904691053,No,No
26,Cheminfo,2026-09-22 02:03 UTC,Not submitted,0.3668736647072597,0.0452140979524305,0.8137978142076503,0.0139676380524196,0.4248114596844186,0.0398511608879253,0.5673562960081374,0.0548571317754187,0.4767584666750498,0.040855190424879,No,No
27,vgny,2026-09-21 06:24 UTC,Not submitted,0.365217641571491,0.0418149871432092,0.823370218579235,0.0141427641204451,0.4579520434443051,0.0359626898558277,0.5063879126529792,0.052196060770998,0.4557791773670493,0.0371667478046575,No,No
28,Tutu,2026-09-22 00:48 UTC,Not submitted,0.3596210702318513,0.0440276730222697,0.8192527322404372,0.0138680920562762,0.4179200777430619,0.0436681983249963,0.5523234203006248,0.0474282388639509,0.4728276568268075,0.0401303011863607,No,No
29,preheat-to-450,2026-09-19 02:24 UTC,Not submitted,0.3519875141952994,0.0452864988800876,0.8356584699453551,0.0136765911562405,0.4358472772726343,0.0417930578785128,0.4848770475313158,0.0501796386184835,0.4559723717189543,0.0404322203743717,No,No
30,srijitseal,2026-09-08 16:05 UTC,Not submitted,0.3464249457931883,0.0404539556401699,0.7712021857923497,0.0165300552098863,0.3555596368352895,0.0317194267121739,0.6665754365822781,0.0522609644732138,0.4578430355390701,0.0352617680418131,No,No
31,cyp3a4_test,2026-09-22 02:45 UTC,Not submitted,0.3463364362087341,0.0486828345547623,0.8185532786885247,0.0137384002124534,0.4357522006089139,0.0492029300235076,0.5047950429538562,0.0514284979172709,0.4652764068518137,0.0445303398442002,No,No
32,admetchallenger,2026-09-16 06:25 UTC,Not submitted,0.3437056416902366,0.0457490512093693,0.8002937158469946,0.0158708683897448,0.3916518189139319,0.0371723651865478,0.5755660815765865,0.0556363790631561,0.4585939629747064,0.0397459452983938,No,No
33,lac,2026-09-21 00:00 UTC,Not submitted,0.3435581320853201,0.0601127148600114,0.8390341530054646,0.0132974676077968,0.5339325394890801,0.0868716563853326,0.4044120312985366,0.0481221506899708,0.4301532675110783,0.0546741904586384,No,No
34,GNandini10,2026-09-21 06:24 UTC,Not submitted,0.3424868495796907,0.0395666670186474,0.7862909836065574,0.0149813027983575,0.4283566490240634,0.0310416965434463,0.544792911967695,0.0554329982910446,0.4315727966977274,0.0334817373348879,No,No
35,drp-to-admed,2026-08-20 07:54 UTC,Not submitted,0.3407428384290566,0.0536893995512531,0.8348524590163935,0.0137716219963415,0.5109685975081305,0.0569837976441474,0.3782993331427751,0.0538247378204548,0.4223673162611263,0.0495942923712955,No,No
36,cyp3a4_test2,2026-09-22 03:11 UTC,Not submitted,0.3396438464897064,0.0494696624314865,0.8157882513661202,0.0136822692520195,0.4316823916711064,0.0494546353799832,0.4994431582347722,0.0523813329501256,0.4606375948413347,0.0452301058832288,No,No
37,C_CYPher-cypextmmg-B2regaux,2026-09-22 16:33 UTC,Not submitted,0.338387913120264,0.044034165808109,0.7988989071038252,0.015227418911971,0.4041535967099924,0.0353924568111588,0.5495066029427176,0.0567202515496536,0.4456532606336612,0.0382889981401051,No,No
38,deoxys,2026-09-13 16:09 UTC,Not submitted,0.3368385486113142,0.0559162287177079,0.8461297814207651,0.0135473845866561,0.5061786032377703,0.0673844587677666,0.3723079213524179,0.0498933012540705,0.424540919712531,0.0519091568815501,No,No
39,claw_test,2026-09-21 09:08 UTC,Not submitted,0.3358204940852481,0.0511720456705279,0.8220040983606557,0.0142998740552437,0.4460147683090462,0.0514058114979119,0.4615260213005902,0.0529536208992959,0.4501715758827834,0.0462934818315293,No,No
40,rxbox1,2026-09-18 17:54 UTC,Not submitted,0.334954971067268,0.04816129887737,0.8240273224043716,0.01419217977212,0.4184901369228887,0.0535582090288199,0.4984929711258107,0.0460236360812655,0.4440295141275984,0.043967506928597,No,No
41,6jhb4,2026-09-21 07:00 UTC,Not submitted,0.3337814360273809,0.0494346267947796,0.8170355191256831,0.0139719908924224,0.4209444690150972,0.0456123512184903,0.4925622361463661,0.055351860421087,0.4492721245460971,0.0445607526438207,No,No
42,whippoorwill,2026-09-16 07:20 UTC,Not submitted,0.3333034120524324,0.0523146384954054,0.8434234972677596,0.0137440262677219,0.4581965537624355,0.0559612104045394,0.4136783095422782,0.0496802825515409,0.4318448206555745,0.0476084903931525,No,No
43,1809,2026-09-18 06:45 UTC,Not submitted,0.3318842384607938,0.0508636878709067,0.8103292349726776,0.0145122820886398,0.4196640800799382,0.04843726430073,0.5053797319772515,0.0542529058853397,0.4561836294036649,0.0458930873946503,No,No
44,21kd1a05e0,2026-09-22 04:33 UTC,Not submitted,0.3313827751723075,0.0555061082106764,0.8540655737704919,0.0131990384476199,0.5603576389855914,0.0710183914648284,0.2973762328683171,0.047244823598731,0.3854752679860423,0.0525664629838322,No,No
45,avaliev,2026-08-18 19:01 UTC,Not submitted,0.3305667492456345,0.0552616504866234,0.8347732240437159,0.0131731159631183,0.4720382423282528,0.0753585419941846,0.4289901251355945,0.0451036513286177,0.4297951193094266,0.0498978330466462,No,No
46,Biomni-TusoAI,2026-09-12 20:09 UTC,Not submitted,0.3266690714675376,0.0428074509968631,0.7867418032786885,0.0151466267534865,0.3602874877885479,0.0352746350706968,0.593845513580799,0.0508202314940914,0.4461690921205428,0.0379836606169487,No,No
47,peraputeja,2026-09-22 04:33 UTC,Not submitted,0.3252928188969042,0.0489406243574079,0.8445587431693989,0.0132498153407108,0.4705353516050631,0.051054192904877,0.3771321442008739,0.0486739985088507,0.4157463088368339,0.0454496614343307,No,No
48,TabICL-baseline,2026-08-13 04:21 UTC,Not submitted,0.3249669223859113,0.0532914803482751,0.844629781420765,0.0136379788467785,0.4780753264489766,0.0567250121581389,0.3689834537931485,0.0511385113830374,0.4134617062487112,0.0491258159543127,No,No
49,Swathi007,2026-09-18 11:27 UTC,Not submitted,0.3246569329791253,0.0519389938776668,0.8322021857923497,0.0141443006026062,0.4629554203278684,0.0537787710895907,0.4022152405283954,0.0517835787455965,0.4269634530514117,0.0472944056887072,No,No
50,hfger,2026-09-17 02:45 UTC,Not submitted,0.3240321059917167,0.0508663495299998,0.8376734972677595,0.0129999977909812,0.4641125285584287,0.0595804359213901,0.4011978719171762,0.0483743712178792,0.4253626033794309,0.04706000232393,No,No
51,jack,2026-09-16 04:48 UTC,Not submitted,0.3220836868786706,0.0497325273725703,0.8332377049180328,0.0137880020408328,0.4253178196373494,0.0515240581496936,0.4421619368782889,0.0479609004040258,0.4302350768813187,0.0445975817466767,No,No
52,furtivepeony,2026-09-22 03:18 UTC,Not submitted,0.3207390683908413,0.0416097611349673,0.7851270491803278,0.0144008610644718,0.3791943293573266,0.0336077769365999,0.5624615164096675,0.0532402001187457,0.4364449435081875,0.0359772253449196,No,No
53,N283T,2026-09-18 09:45 UTC,Not submitted,0.3198195734251695,0.0418983086667729,0.8350177595628415,0.0137206073547517,0.396950213385318,0.039327186998661,0.4602843042087609,0.0435017889891745,0.4245876777343399,0.0374943454981653,No,No
54,C_CYPher-graphattn-B2regaux,2026-09-14 12:45 UTC,Not submitted,0.319549726223038,0.0452221881937899,0.790516393442623,0.0156238907954606,0.391272576540138,0.0386330444635032,0.5397499383260912,0.0549927269991739,0.4376954111584008,0.0400874916187956,No,No
55,sleepq2,2026-09-17 06:03 UTC,Not submitted,0.317996777129143,0.0412959461322508,0.7704713114754098,0.0151949474554281,0.3503855454660938,0.0315916256715425,0.612335273454284,0.0533387734589123,0.4382123580251322,0.0351920879544791,No,No
56,cypster,2026-09-11 01:21 UTC,LightGBM ECFP4+RDKit multi-seed TDI v2,0.316466252821144,0.0523928625946325,0.7977581967213115,0.0146380359060343,0.3984929849749066,0.0528984212952705,0.522194610512527,0.0519749989453997,0.4441798298113747,0.0480627990623904,No,No
57,ADMETForge,2026-09-06 03:56 UTC,Not submitted,0.316364811491076,0.0483453143683761,0.8137472677595629,0.0146454433228062,0.4039011449600276,0.042602605982723,0.4769513877243002,0.0535340081189436,0.4309182650578781,0.0427646684474177,No,No
58,Rguava,2026-09-18 08:10 UTC,Not submitted,0.3148803367855216,0.0479649848754683,0.8121926229508196,0.0141736548162958,0.4375626963521221,0.0455371024016588,0.4358318117999218,0.0544616940326058,0.4139300012265268,0.0431123892235048,No,No
59,sleepq1,2026-09-17 06:03 UTC,Not submitted,0.3147314639327531,0.0477684044435013,0.8199590163934427,0.0141335641240368,0.4091506788803041,0.0428918180240484,0.4587428115140624,0.0527520259945924,0.4287693038113984,0.0425469934566245,No,No
60,horse-pusher,2026-09-21 15:50 UTC,Not submitted,0.3112682504540895,0.0541632448071477,0.8294480874316941,0.0135394775027381,0.4375407855071232,0.0598018994332755,0.4170061326748731,0.0510854640819841,0.4208178769308581,0.0492847115179189,No,No
61,Ta1k1,2026-08-25 00:11 UTC,Not submitted,0.3107101310780106,0.0384822410667279,0.7468838797814208,0.0164531636509322,0.3356853201471783,0.028379534409589,0.6523685452161422,0.0518448313068328,0.4321423720316175,0.0322536641962637,No,No
62,5E0,2026-09-10 10:59 UTC,Not submitted,0.3081437565117371,0.0507648469441819,0.8005478142076503,0.0150438474257583,0.3957664709562835,0.0536469306284526,0.5039575893124041,0.0488649378394441,0.4339043291606937,0.0462424529728661,No,No
63,Autopilot (fully autonomous agent entry),2026-09-16 02:01 UTC,Not submitted,0.3060313515201169,0.0408730150058919,0.7464398907103825,0.016100737723468,0.3202546290317204,0.0325162764711095,0.6491137120570896,0.0498009986621621,0.4273827421538482,0.0366000857762996,No,No
64,Ligand Pro,2026-08-31 14:54 UTC,Not submitted,0.3053489608067852,0.0418323694180588,0.7563524590163935,0.016770827332124,0.339525109204883,0.0312912370854696,0.6232016682667404,0.0538997387555385,0.4316043203030153,0.0352606577303488,No,No
65,7xkql,2026-09-21 06:18 UTC,Not submitted,0.3027400297261705,0.0478718096753894,0.8139808743169399,0.0139493321850761,0.3991055244438038,0.0434171861106779,0.4539384386359803,0.0533922420749461,0.4211545308175925,0.0429518947982345,No,No
66,dftchemist,2026-09-19 17:10 UTC,v10,0.2997525609622309,0.0420916280925939,0.7603784153005464,0.0172348804595103,0.3349305957038976,0.0328679140360035,0.6078409293011066,0.0514053032360023,0.4285762766160975,0.0362768090729495,Yes,No
67,sweepfinal,2026-09-17 07:45 UTC,Not submitted,0.2954228902683242,0.0452167053338789,0.785318306010929,0.0155962668699758,0.359495143291683,0.0354760904587418,0.5287797959838864,0.0551886508406712,0.42134259378134,0.0386470522161,No,No
68,testTDI,2026-09-18 06:44 UTC,Not submitted,0.2933899002744314,0.0394348927176459,0.7558101092896174,0.0160635787309008,0.3339017012038172,0.0285340895594052,0.5943235157609248,0.0540480345005169,0.4174544140305448,0.0324215897812927,No,No
69,XGB-baseline,2026-08-13 04:21 UTC,Not submitted,0.2885226225218548,0.0510236838161026,0.8404631147540983,0.0137502797597997,0.4960300322784966,0.0609836094200812,0.2836291465251093,0.0452254528479205,0.3558154850625863,0.0475805088641912,No,No
70,LGBM-baseline,2026-08-13 04:21 UTC,Not submitted,0.2880680298687573,0.046492419652519,0.8390710382513661,0.0132017964329727,0.4796733018203726,0.0515822587713453,0.2980134219373351,0.0450906824486164,0.3608036046095148,0.044034488634141,No,No
71,Scigantic,2026-09-04 17:03 UTC,Not submitted,0.2872924418553177,0.0455116971338063,0.7899112021857924,0.014877379878879,0.3470131251909121,0.0426617071841289,0.5223296754414825,0.0479687993718262,0.4123058007143207,0.0414303035741372,No,No
72,pump-again,2026-09-22 16:23 UTC,Not submitted,0.2852950344934506,0.038102154832699,0.74249043715847,0.0151153910529018,0.3384691751983844,0.0280655401122918,0.590436377067471,0.0543232419690589,0.4087024966199182,0.0314258371175172,No,No
73,suneelbvs,2026-09-11 15:47 UTC,Not submitted,0.2851332001622463,0.0393685707937241,0.7453825136612022,0.0161489820107086,0.3373976014552196,0.0287803513510912,0.5893782441939222,0.0541951281287713,0.4097600949907804,0.032548465149656,No,No
74,newcyp_1,2026-09-20 03:34 UTC,Not submitted,0.2841947731874054,0.0506969073070755,0.8405136612021857,0.0134030750667203,0.4251081157244033,0.0665310329503566,0.3624845031812941,0.0410710591724781,0.3798489469372714,0.0456109136298532,No,No
75,Lizard Wizard Gizzard,2026-09-21 11:03 UTC,https://github.com/doctawho42/CYPChallenge/blob/main/METHOD.md,0.2835645304853464,0.0345666494453502,0.6618907103825137,0.0189916874817743,0.3005835380629298,0.0232558757703226,0.7317787052318521,0.0501824403863571,0.4039803038748986,0.0270291023159779,No,Yes
76,HGN38,2026-09-14 18:25 UTC,Not submitted,0.280260105922432,0.0395651940560529,0.7465423497267759,0.0157801057642719,0.3375390725527153,0.0293870675360697,0.5822359700875465,0.0550151495079239,0.4071307800631148,0.0332361622705068,No,No
77,12345,2026-09-11 10:36 UTC,Not submitted,0.2798077207835913,0.0471843566139475,0.7204112021857924,0.0162879616443041,0.3370065203290355,0.0414947163477665,0.6363832257173769,0.050824748566662,0.4340286687689637,0.0422189305592938,No,No
78,chromingcyts,2026-09-08 01:09 UTC,Not submitted,0.2796637348219619,0.0405056943089547,0.7317964480874317,0.0169411663409046,0.355969829335105,0.0303952523570225,0.5674868289263578,0.0554847299285419,0.3926949291832921,0.0324636141036781,No,No
79,your_user_alias,2026-08-24 01:29 UTC,Official LightGBM baseline,0.278848125945739,0.0548625415844776,0.8433101092896175,0.0133722868627629,0.5200156030012608,0.0739995083854528,0.2461291224353578,0.0439027270611764,0.3310947810028342,0.0511482561835137,No,No
80,Chocolatine,2026-08-22 12:16 UTC,Not submitted,0.2784533319839481,0.0333084728120986,0.664983606557377,0.0180853593562876,0.2956224344744184,0.0225760522794948,0.7221979722180818,0.0494132262905068,0.4011746626761134,0.026096199886365,No,No
81,Safi,2026-09-22 07:26 UTC,Not submitted,0.2778897061091569,0.0420769142033817,0.7406489071038252,0.0168392764877887,0.3155456790077716,0.0311061169537431,0.6137073468069012,0.0530414924838263,0.4136324568141448,0.0357025688083416,No,No
82,Woong,2026-09-15 10:52 UTC,Not submitted,0.2774424772733762,0.0377166367035929,0.730165300546448,0.0165559177333233,0.3121745312728726,0.0277374638217285,0.6274052084944608,0.0508969454790054,0.4086749166424175,0.0318008318992395,No,No
83,qxw138,2026-09-22 09:22 UTC,Not submitted,0.2771993955218563,0.0327126555201794,0.6399959016393443,0.018040436511848,0.2974698428454235,0.0217900933610572,0.7466611537657653,0.0493687902962766,0.3990609569875256,0.0249590350152844,No,No
84,bioai96,2026-08-23 11:01 UTC,Not submitted,0.2755473638533221,0.0388154090346839,0.7112035519125682,0.0178558045702879,0.3048128085842784,0.0259699435780661,0.6560996524497128,0.0541326206802772,0.4049831701461909,0.0308215812580311,No,No
85,stir_bar,2026-09-21 18:39 UTC,Not submitted,0.2754460770579524,0.0418784017970877,0.7710204918032787,0.0153864248710485,0.3359848998041173,0.0319472223760406,0.5323622904439853,0.0524788932203294,0.406042000241698,0.0355246815198491,No,No
86,wbot,2026-08-22 19:48 UTC,Not submitted,0.270986565600867,0.0432711946103075,0.8235887978142076,0.0141319389626433,0.3735780994754222,0.0419684660126314,0.400176991306197,0.0425111746130067,0.3847199634787968,0.0381768563793405,No,No
87,CoSy,2026-09-06 06:59 UTC,Not submitted,0.2684516473546355,0.0526103627657741,0.7913428961748634,0.0147445019970136,0.3660519543674101,0.0579123216431417,0.4708579861099605,0.0459861700187623,0.3972204568381376,0.0473113722987961,No,No
88,drp-to-admet,2026-08-21 18:59 UTC,Not submitted,0.266667907631158,0.0457400583866106,0.788301912568306,0.0146173662677719,0.3559965121982508,0.0479262609068953,0.4769103028043819,0.0449498374308824,0.4012959723427763,0.0418769611982783,No,No
89,z,2026-09-22 06:06 UTC,Not submitted,0.2659097962730977,0.0358591869947762,0.6906051912568306,0.0168893744463819,0.3211899418674345,0.0238790211481309,0.6219037147781153,0.0542744047293125,0.3952725674162459,0.0264389550439547,No,No
90,sleepq3,2026-09-17 06:04 UTC,Not submitted,0.2655123914420511,0.0378080710928847,0.6936448087431694,0.0174195642253518,0.291383003943371,0.0257362628545275,0.6741540513586922,0.053503166881507,0.3977674619089691,0.0306150674737387,No,No
91,caithmac,2026-08-24 06:09 UTC,Not submitted,0.2651612246716422,0.0371840177041679,0.7031120218579235,0.0167251394218699,0.2943793801434052,0.0256796094743725,0.6651671128506083,0.0514343896227704,0.4015327929160963,0.0306595092775797,No,No
92,Lin,2026-09-18 18:04 UTC,Not submitted,0.2614615408022517,0.0427793484639217,0.763256830601093,0.0161536539774185,0.3480740402567863,0.0313654472656768,0.4948503919144058,0.056912804188106,0.3875313533746853,0.0344542445430444,No,No
93,autumnZ,2026-09-06 14:27 UTC,Not submitted,0.2587711837756836,0.0365668155625579,0.6905150273224044,0.0185452736978201,0.2901739602254176,0.0251858362181943,0.665641809542253,0.0502957629883806,0.3938100535616409,0.0295417237941442,No,No
94,CompChem Magicano,2026-09-22 04:00 UTC,Not submitted,0.2510154743656625,0.0362408393624983,0.6301366120218579,0.0179140169033393,0.3062871761556344,0.0238392734895895,0.6850831951495865,0.0535306563705905,0.38297190553462,0.0267102112610179,No,No
95,cyp450_reg,2026-09-22 01:13 UTC,Not submitted,0.2438735537649682,0.0505262550598211,0.802353825136612,0.0142925249060798,0.3809806343272288,0.0526861728523145,0.3732940872942529,0.0491468215239692,0.3736371993085147,0.0455372290720833,No,No
96,HemeCompass2026,2026-09-04 05:08 UTC,Not submitted,0.2424736772194821,0.0422564135569541,0.735870218579235,0.0168212043953041,0.3036067890949831,0.0307536253010499,0.5566570934728908,0.0532871672344886,0.3875768425600625,0.0352771226765826,No,No
97,Shruti202,2026-09-14 19:47 UTC,Not submitted,0.2414179262533342,0.0443023861227162,0.7518114754098361,0.0167045413758144,0.3174691370745892,0.0331079590216799,0.5131761194657822,0.0539505740260325,0.3848299689407117,0.037011104253946,No,No
98,levi_12,2026-09-12 10:34 UTC,Not submitted,0.2396985037311533,0.0366045789149495,0.6291448087431694,0.0185437975231258,0.2741784110109254,0.0238242806066712,0.7273235330075789,0.0528921753800402,0.3784722925283761,0.0289033099946621,No,No
99,q7kp2,2026-09-21 06:18 UTC,Not submitted,0.2394426399911487,0.0425445811912148,0.8097185792349727,0.0143242213725317,0.3516171806768946,0.0392951707569953,0.376853586034555,0.0440131264926958,0.3619033656888555,0.0373101953591252,No,No
100,MM-2026,2026-08-27 19:37 UTC,Not submitted,0.2382872297709791,0.0371948300354054,0.6735409836065573,0.0185466247527863,0.2801890908114587,0.0240795140730108,0.6563900737151314,0.0532435285645441,0.3808856169811153,0.0287929307670609,No,No
101,blue,2026-09-22 00:55 UTC,Not submitted,0.2346759384428195,0.0538862806514064,0.8076352459016394,0.0142800111599286,0.3801762600342113,0.0654851276966199,0.3568570644317529,0.0457202493859347,0.3575735493715299,0.0485279814983345,No,No
102,ademmanlincoln07,2026-09-21 20:26 UTC,https://github.com/AdemolaTolulope/cyp-inhibition-profiler,0.2319998970891975,0.0415851002203627,0.7035204918032787,0.0181132431264353,0.2873914332160724,0.0286055124857371,0.6043969065095917,0.0558439975657311,0.3820697656631139,0.0342952229517261,No,Yes
103,thinkMolecular,2026-09-08 10:47 UTC,Not submitted,0.2181937251153705,0.0425791597493529,0.7334644808743169,0.0161994323421159,0.2946568357161678,0.0304565975956064,0.5198310077471815,0.0532237926107097,0.371849091945852,0.0352431174693195,No,No
104,wizard_of_cyp_exp8,2026-09-20 07:43 UTC,Not submitted,0.2139076799114908,0.044094114612197,0.8339330601092896,0.0143141804704177,0.4079465833427341,0.0586035664333296,0.2295342690437603,0.0332760602933267,0.2916991723965974,0.0388303492931047,No,No
105,hf-far,2026-08-30 08:07 UTC,Not submitted,0.208115822803915,0.0434124830261146,0.73424043715847,0.016487455856462,0.2940019227461402,0.0305419695907979,0.4945592757822152,0.0552422222850782,0.3623253266971157,0.0355116248529585,No,No
106,highsky,2026-09-20 06:18 UTC,Not submitted,0.2028375466847816,0.025521188467532,0.8406680327868852,0.0134451287079861,0.3007394562544642,0.0238724261648457,0.3035244085101021,0.0238639494005566,0.3015556576915105,0.0198829796805848,No,No
107,adlvdl,2026-09-21 10:15 UTC,https://github.com/jeremycheminf/openadmet_scripts/tree/main/CYP_Challenge,0.2027788974065276,0.0361406617730109,0.6903825136612022,0.0165425274168398,0.2744396884552956,0.0236093156450413,0.5555281462542285,0.0523501427120648,0.3580176619846469,0.0277145085436844,No,Yes
108,AL,2026-09-19 11:38 UTC,Not submitted,0.1986097107711423,0.033622757843403,0.7694603825136612,0.0153860450782431,0.2829786143999697,0.0265203330575412,0.4297978732882307,0.0382197823679368,0.3402412213352753,0.0281468473193769,No,No
109,cyp450_TDI,2026-09-22 06:19 UTC,Not submitted,0.1947715903761316,0.041662092328308,0.7801830601092896,0.0160559113316713,0.3161150502284818,0.0359926218043,0.364261335476103,0.0441537570552306,0.3350619192480533,0.0357233629667964,No,No
110,Class-1,2026-08-24 22:35 UTC,Not submitted,0.1836588331772979,0.0456005684181794,0.7869590163934427,0.0159130881438388,0.4192219280245131,0.0609466115149037,0.2353569532196128,0.0485197729840104,0.2238229293557091,0.0401026716884561,No,No
111,mobster,2026-09-17 15:30 UTC,Not submitted,0.1755710907733232,0.0411886592536269,0.8254631147540984,0.0139063724686448,0.3433512445187047,0.0578655401765909,0.2294805317520513,0.0299653587776154,0.2712512645609113,0.0343256656960088,No,No
112,nkwork,2026-08-29 10:47 UTC,https://github.com/nkwork9999/mollibra-challenges/blob/main/reports/openadmet_method.md,0.1747882159357501,0.0370689962314429,0.6619631147540983,0.0177549207185807,0.2627136846431525,0.0235370778188671,0.5537569426135737,0.053253458310362,0.3415400019752184,0.0276526573456714,No,Yes
113,HBI,2026-09-20 01:02 UTC,https://huggingface.co/buildingpeps/hbi-cyp-challenge-v2,0.1557259901626016,0.0360524439072867,0.5719658469945355,0.017382711581244,0.2316690460901883,0.0224216124390295,0.7319674725743079,0.0500542797747418,0.3501075918190661,0.029208368796923,No,No
114,rogerbyrne,2026-09-01 09:43 UTC,Not submitted,0.1555098151034306,0.0379347200817788,0.5891571038251365,0.0195783291401562,0.2388819821946551,0.0217646820008435,0.63268977002953,0.0556163904738349,0.333862476910851,0.0268893185279808,No,No
115,sıkıntıyok,2026-09-15 20:55 UTC,Not submitted,0.1436625502335605,0.037592164135027,0.5464098360655738,0.0187189862634327,0.2907908908447363,0.0246423210221262,0.5496531282664567,0.0542029848635416,0.3238773365835213,0.0239001554367184,No,No
116,yuan3,2026-09-18 14:53 UTC,Not submitted,0.1422026242500329,0.0352023481958514,0.6544562841530054,0.0186459369216639,0.2552788232909267,0.0231504506809809,0.4894510600620629,0.0522888660676061,0.3191268059396074,0.0261582411495003,No,No
117,ulcompute,2026-08-26 23:04 UTC,Not submitted,0.130891791846367,0.0391874095019983,0.6989685792349727,0.0169336440548095,0.2573495503904894,0.0281542761746089,0.4128910325001232,0.0528572022706022,0.2988135052687012,0.0314226921320518,No,No
118,chemfm-baseline,2026-08-25 23:59 UTC,Not submitted,0.1033127739344661,0.0341530613712724,0.4869890710382514,0.0183455123806639,0.2235818243385544,0.0181046207318606,0.646423516116835,0.0538882509200362,0.3148937776311911,0.0210405436927025,No,No
119,wfondrie,2026-09-10 23:45 UTC,Not submitted,0.0814208521218605,0.0485263905907336,0.8116693989071039,0.0143239365343022,0.3255163592816364,0.0866200294549937,0.0755532219399673,0.0284806921733659,0.1203189156360892,0.0407343074540731,Yes,No
120,dargason,2026-08-21 14:11 UTC,https://admet-cyp.aetherark.com/classification-submissions.html,0.0406910382841467,0.0124657337635911,0.2027431693989071,0.0150325761196635,0.1829789783736486,0.0142583372643047,1.0,0.0,0.2943642192100688,0.0193515162495852,No,Yes
