Rank,Username,Submitted,Model Report Link,Significance (tiers),MA-MCC,MA-MCC std,MA-Accuracy,MA-Accuracy std,MA-Precision,MA-Precision std,MA-Recall,MA-Recall std,MA-F1 Score,MA-F1 Score std,Proprietary Data,Open Code
1,nova,2026-09-22 20:49 UTC,Not submitted,Tier 1,0.3979630479294124,0.0425019276451858,0.8552350962566845,0.0088861031716495,0.5598760935288571,0.0522517331970843,0.4389315649050007,0.0386381525472722,0.4868987247962235,0.0396126181060909,No,No
2,CYPblend,2026-09-24 06:06 UTC,Not submitted,Tier 1,0.3887541017921831,0.0336159590730731,0.8386628342245989,0.0094589408082319,0.4530598693206275,0.0287152928329011,0.5471379529517307,0.0420262191700004,0.4847048331399071,0.0301834629689253,No,No
3,jeremy,2026-09-04 12:10 UTC,https://github.com/jeremycheminf/openadmet_scripts/tree/main/CYP_Challenge,Tier 1,0.3868317559072967,0.0379400805015162,0.8451362317290553,0.0093897240643142,0.4837171542078715,0.0372225578526064,0.4983000727187258,0.0411148889452786,0.4877590329025907,0.0347796753715592,No,Yes
4,TeamPozeSCAF,2026-09-24 10:36 UTC,Not submitted,Tier 1,0.3846536326408079,0.0422838582670515,0.8543546595365419,0.0090699700685585,0.563484829443403,0.0497358575019409,0.4022798839047529,0.0390389800167599,0.4672866016695904,0.0397650611380218,No,No
5,N283T,2026-09-24 06:24 UTC,Not submitted,Tier 1,0.379788423434142,0.0373328286607714,0.8477576862745098,0.0092081659304101,0.463546316557713,0.0368689134815416,0.5035704818108993,0.0393739240293133,0.481275315362258,0.0342612837763855,No,No
6,stir_bar,2026-09-24 11:23 UTC,https://github.com/lachrymator/openadmet-cyp-challenge-public,Tier 1,0.3795893766868203,0.0377547232625337,0.8396583814616756,0.0091972590417428,0.4441501384081266,0.0382846016883703,0.5422547424984562,0.0389671926031017,0.4842459693432867,0.0350925447291355,No,No
7,harinu123,2026-09-09 20:45 UTC,Not submitted,Tier 1,0.3766946435797749,0.0374655006267628,0.846442935828877,0.0091944107290254,0.4750386638417594,0.0367779100214468,0.4845899112916258,0.0398684798321497,0.47758796572719,0.0343652479062901,No,No
8,ADI,2026-09-24 11:46 UTC,Not submitted,Tier 1,0.3731987618801443,0.0393810512062764,0.8505364153297683,0.0089139915257772,0.5029390648194273,0.0428938823233893,0.4438163691612661,0.0388730984348851,0.4698182550241891,0.0367224985100408,No,No
9,Asidsal11,2026-09-24 18:20 UTC,Not submitted,Tier 1,0.3729017332132888,0.0457428084499882,0.8590599554367202,0.0088216896894089,0.710342026412941,0.0838424062249163,0.3348715520437436,0.0312199972299909,0.4108842590530487,0.0419448638029508,No,No
10,TeamPrescience,2026-09-24 13:45 UTC,Not submitted,Tier 1,0.3714360079700842,0.0398637998205309,0.8501878377896613,0.0088738584100278,0.5104047320530309,0.0474577302271519,0.4390885629410459,0.0372620512180261,0.4681017850813904,0.0371813548468856,No,No
11,preheat-to-450,2026-09-24 23:54 UTC,Not submitted,Tier 1,0.3653365875366404,0.0363808880044894,0.835731935828877,0.0096176095874293,0.4414074772567917,0.0338860097306576,0.5155404778097555,0.0394842306969682,0.4730628337050165,0.0329851608959263,No,No
12,lex,2026-09-23 09:27 UTC,Not submitted,Tier 1,0.3621677474833153,0.0374708496671427,0.8408959037433156,0.0092100881696709,0.495208905566584,0.0363362375999595,0.434783691191019,0.0418598135546964,0.4516946478328323,0.0349471864098829,No,No
13,PIPL-Bio,2026-09-13 10:04 UTC,Not submitted,Tier 1,0.3609203008265249,0.0384827091874764,0.8388968520499108,0.0094049272688969,0.4587322673969169,0.0423249040574326,0.4912375078528603,0.0369033728249269,0.4690736614432259,0.035512750703804,No,No
14,EleanorRigby,2026-09-24 13:31 UTC,Not submitted,Tier 1,0.3606833068014156,0.0375755569193502,0.8362201782531195,0.0095283309001139,0.4230637393320929,0.0432944523239708,0.5344397202033584,0.0330317260592038,0.458783430988086,0.035036329904136,No,No
15,newcyp,2026-09-22 07:48 UTC,Not submitted,Tier 1,0.355847117664255,0.0330531955725913,0.8162362638146168,0.0098864098128494,0.4256855951529582,0.0281293135017974,0.5454834165056199,0.0416449183470929,0.4639208922641255,0.0297026555993399,No,No
16,NIPERKOLKATA_PI_LAB,2026-09-24 10:34 UTC,Not submitted,Tier 1,0.3553219043311781,0.037126807897273,0.8363735276292336,0.0095231052909747,0.4557352612491755,0.0351241799028085,0.4741507105970215,0.0409321560792478,0.4600264179616393,0.0339101463172201,No,No
17,NorthCoil,2026-09-21 15:28 UTC,Not submitted,Tier 1,0.3552945250609828,0.0359973502392947,0.8112980659536542,0.0100203585029596,0.4036650988050149,0.0340193454675382,0.5802765750847639,0.0390347384657212,0.4731772810091194,0.0332157328078884,No,No
18,C_CYPher-graphattn-B2regaux,2026-09-14 12:45 UTC,Not submitted,Tier 1,0.3542662191149437,0.0300880051001727,0.8065021033868093,0.0102317418528338,0.4120780679292486,0.0241480033625143,0.5730896274220997,0.0409344198039897,0.4538014055425765,0.0264425904146383,No,No
19,curiousone,2026-09-23 20:59 UTC,Not submitted,Tier 1,0.3532698802199098,0.0382980720045202,0.834908982174688,0.0098256916276172,0.4564652223958825,0.035617048027936,0.4718949186185273,0.0419403729142755,0.4603358818290312,0.0347843466978725,No,No
20,horse-pusher,2026-09-23 03:40 UTC,Not submitted,Tier 1,0.3521807846411672,0.03763714976508,0.8336815008912656,0.0095485556820879,0.455713325062828,0.0365687298806363,0.4727683729189066,0.0408996047298015,0.4607548081572981,0.0344989494022432,No,No
21,yourchoice,2026-09-22 07:02 UTC,Not submitted,Tier 1,0.3467567037261772,0.0359493851025357,0.8246426809269163,0.0094783905115928,0.4348614903641445,0.0323252517728846,0.499349472946584,0.042050490142563,0.4587250131342479,0.0326646432155391,No,No
22,450nm,2026-09-13 14:30 UTC,https://openadmet-cyp-dashboard.vercel.app/operating_dashboard,Tier 1,0.3456723597544714,0.0373813140374128,0.8376152139037433,0.0095057758844078,0.4863583399208557,0.0374996677585294,0.4139524182881193,0.0403406945568996,0.4376821817494036,0.0347748251337078,No,No
23,Tutu,2026-09-24 16:59 UTC,Not submitted,Tier 1,0.3451285486561117,0.0335144841345013,0.8173436114081997,0.0098365287982211,0.3959924353528872,0.028171074910049,0.554062207780479,0.0403317212561445,0.4592900905713371,0.0298541423793252,No,No
24,furtivepeony,2026-09-23 18:07 UTC,Not submitted,Tier 1,0.3443478313136301,0.0379922685530446,0.8279793600713012,0.0096253751240359,0.4444010699410474,0.0365891535183531,0.4795112194172127,0.0411597069545887,0.4589895570967385,0.0348457382800491,No,No
25,srijitseal,2026-09-08 16:05 UTC,Not submitted,Tier 1,0.3437154852551969,0.0293578830570241,0.7772546131907309,0.0114020167449868,0.354432798744857,0.0211210892769519,0.6587148243273713,0.0406931948352862,0.4494341439247045,0.0245153694060511,No,No
26,aries,2026-09-22 01:46 UTC,Not submitted,Tier 1,0.3406425294537862,0.0379955806796682,0.8399983565062389,0.0089399832939521,0.4791037853130898,0.0434298663964615,0.4186399567390702,0.0367701552277754,0.4446595118488918,0.0355267303453361,No,No
27,Captain CYP,2026-09-24 16:50 UTC,Not submitted,Tier 2,0.3403920337266799,0.0398063880779883,0.8144766221033868,0.0096059198702106,0.442800446490383,0.0434998568240236,0.5105731913714999,0.0383002657293768,0.4641435660723922,0.0369547618005372,No,No
28,CYP-PI,2026-09-24 10:53 UTC,Not submitted,Tier 2,0.339555902869527,0.0359780722821659,0.8398271907308378,0.009202704159236,0.4491080483114532,0.0347277142902987,0.4418073972180875,0.0385209951319955,0.4422285789024141,0.0330764937797969,No,No
29,Autopilot (fully autonomous agent entry),2026-09-16 02:01 UTC,Not submitted,Tier 2,0.3365066709660518,0.0306658857476942,0.7768947611408199,0.0108042589777571,0.3436663806372927,0.0243057860356772,0.6521073721247279,0.0383973866826509,0.4489561575504038,0.027563320747862,No,No
30,z,2026-09-24 12:40 UTC,Not submitted,Tier 2,0.3358541412765396,0.0316472315733498,0.804548632798574,0.0103677779699968,0.3824217913257635,0.0243530468880823,0.5681483676786658,0.0410244790463648,0.4470939998081693,0.0272351320991452,No,No
31,Cheminfo,2026-09-23 20:15 UTC,Not submitted,Tier 2,0.3334971895066453,0.0335905771724613,0.8116250926916221,0.0098989671708976,0.4099736887889014,0.0289875822890921,0.5208772515423881,0.0398762067620912,0.4470675406871679,0.0299472027923024,No,No
32,Gashaw,2026-09-14 23:59 UTC,Not submitted,Tier 2,0.3312470480295988,0.0347780699720609,0.8344054616755793,0.0093341767551899,0.4663879357609693,0.0325226303162712,0.4093556539591084,0.0393112856197504,0.4211613419143419,0.0320640234347909,No,No
33,niperkolkata,2026-09-24 09:19 UTC,Not submitted,Tier 2,0.3287448731306051,0.0311838727615327,0.7687341087344028,0.0105672729349035,0.3436624544161432,0.0238113663519577,0.657780394912358,0.0417541173094951,0.4488435948807268,0.0276769627609831,No,No
34,rxbox1,2026-09-18 17:54 UTC,Not submitted,Tier 2,0.327551586833804,0.0396549194952127,0.8317373155080214,0.0093986182364293,0.4319107023077201,0.0464990023008996,0.466570264350037,0.034652071359702,0.4380341678726903,0.0365505312916341,No,No
35,admetchallenger,2026-09-16 06:25 UTC,Not submitted,Tier 2,0.327333644795219,0.0315258746836022,0.80185628342246,0.0102170924477163,0.3853922300562217,0.0244806840777917,0.5510643926378489,0.0413070197607198,0.4402823967594351,0.0271037466923861,No,No
36,Biomni-TusoAI,2026-09-12 20:09 UTC,Not submitted,Tier 2,0.3253541818690665,0.0312911305263247,0.7938445436720143,0.0104965366766962,0.36151057480969,0.0240802452155438,0.587986353974834,0.040482794564541,0.443327063175324,0.0271831809466253,No,No
37,ppsqq,2026-09-21 12:50 UTC,Not submitted,Tier 2,0.324906293913955,0.0352151054205999,0.8261333547237076,0.0096349410501228,0.4186809313542324,0.0321708467821736,0.4675670623316187,0.0387895593236273,0.4384834044340325,0.0318842066831314,No,No
38,JSHCF,2026-09-23 14:50 UTC,Not submitted,Tier 2,0.3231614890531109,0.0389503515268866,0.8416366417112299,0.0093300781264144,0.4599911812298433,0.0430633952687487,0.3982465964712992,0.036171309679306,0.4251199098915904,0.0358408816073398,No,No
39,JacksonBurns,2026-09-24 14:17 UTC,https://github.com/JacksonBurns/cyp-challenge/tree/0fa9dd4392a5cb331a9cf867861c909cd1aca49a,Tier 2,0.3208895497384026,0.0259575988485068,0.7251591639928698,0.0121308457415851,0.3590266114811005,0.0181895472230489,0.6715535925062791,0.0390907047336458,0.4212966446827711,0.0199451351806196,No,Yes
40,Aman,2026-09-24 16:28 UTC,Not submitted,Tier 2,0.3205609688608115,0.0395661669918525,0.8176584153297682,0.0094556995343762,0.4401298217564465,0.0423525965694703,0.4604504506335539,0.0388587758224742,0.4456396294828587,0.0366738285183712,No,No
41,Ta1k1,2026-08-25 00:11 UTC,Not submitted,Tier 2,0.3183120648908174,0.0290032304723763,0.7711007611408199,0.0109156345772511,0.353574390144393,0.0212773985629387,0.6228290504701961,0.0405488070894086,0.4358142495304979,0.024413183084593,No,No
42,pump-again,2026-09-23 17:45 UTC,Not submitted,Tier 2,0.3171440117749854,0.0280429697892452,0.7637666577540106,0.0111820228521375,0.3534620669899218,0.0194459159717621,0.6215265608607702,0.0419706495568778,0.4282869674614152,0.0226353686188464,No,No
43,lgb,2026-09-22 08:16 UTC,Not submitted,Tier 2,0.3151980614838636,0.0370960177442283,0.8282479251336898,0.0093891777573832,0.4537143348092966,0.0357853727629722,0.3984976789091475,0.0404942418267582,0.4152078581304131,0.0343833824323162,No,No
44,HGN38,2026-09-14 18:25 UTC,Not submitted,Tier 2,0.3140732829769518,0.0268285842688074,0.7599848645276293,0.0109316957452706,0.3589831558291966,0.0190971139560298,0.6126614053326063,0.0400127199474597,0.4233058645463648,0.0215290262849744,No,No
45,SVK091,2026-09-01 13:00 UTC,Not submitted,Tier 2,0.3079251638093778,0.0366684781474917,0.8332764634581105,0.0094107182860274,0.4724343494529393,0.0379468799938588,0.3550073964005374,0.0377375311966308,0.3976374312983713,0.0342030411084924,No,No
46,claw_test,2026-09-21 09:08 UTC,Not submitted,Tier 2,0.3071543579877686,0.0350165460372092,0.8293130338680927,0.0096515342303926,0.4229572461012634,0.0335775040692501,0.417604344368805,0.0370684251252496,0.4171872334099437,0.0319092599914878,No,No
47,cyp3a4_test2,2026-09-22 03:11 UTC,Not submitted,Tier 2,0.3055981682452423,0.0351650385500136,0.8260183672014261,0.0100782025811269,0.4126059603040811,0.0334452302938298,0.4329665464841652,0.0368011995404187,0.4204332449255634,0.0318101115085609,No,No
48,deoxys,2026-09-13 16:09 UTC,Not submitted,Tier 2,0.3054849310418974,0.0413504571380327,0.8476636613190731,0.0090271926358202,0.4897845567178024,0.054462111659721,0.3299545119675842,0.0331593030475457,0.3895755735211053,0.0379274269848655,No,No
49,lac,2026-09-21 00:00 UTC,Not submitted,Tier 2,0.3052903324244642,0.0382138291620861,0.8287505008912656,0.0095810125104733,0.4340797027394533,0.0411713933298188,0.4095629878522377,0.0369348805258861,0.4196274282923135,0.035460219542308,No,No
50,suneelbvs,2026-09-11 15:47 UTC,Not submitted,Tier 2,0.3048198252544306,0.0282552907165738,0.755018962566845,0.0111882822868098,0.3506334021736346,0.0197569433598136,0.6112061865762429,0.0416715526631876,0.4181123743267769,0.022572112323868,No,No
51,Ligand Pro,2026-08-31 14:54 UTC,Not submitted,Tier 2,0.3048039951232467,0.0294719955897142,0.7599901443850268,0.0110572422150185,0.340910351383632,0.0212067140097501,0.6264013953644681,0.0415418897831941,0.4270763435543938,0.0246187492268876,No,No
52,CyclinB,2026-09-24 21:54 UTC,Not submitted,Tier 2,0.3036889403673536,0.0300825901811458,0.7935095490196078,0.0103509471031778,0.3615346340644522,0.0223777482092907,0.537967060547398,0.0405039342283952,0.4231990417013376,0.0256034912286724,No,No
53,cyp3a4_test3,2026-09-23 01:13 UTC,Not submitted,Tier 2,0.3034205368702319,0.0352455895567185,0.8255410338680926,0.0099831441420584,0.4124538030002176,0.033581977129451,0.4288992145031036,0.0368155877727548,0.4182779460012364,0.0319355780880962,No,No
54,Swathi007,2026-09-18 11:27 UTC,Not submitted,Tier 2,0.3029358095267102,0.0376069855252667,0.8351228591800357,0.0094909856149585,0.4491295725971079,0.0380562037110241,0.3695682432238343,0.0381954641400842,0.4023405525110231,0.0347927303827013,No,No
55,Scigantic,2026-09-04 17:03 UTC,Not submitted,Tier 2,0.302061829308783,0.0318888956225486,0.8091705721925134,0.0100364387595681,0.3551791474134044,0.0274910583613533,0.5189010912624709,0.0358064863089815,0.4207424965576273,0.0287723751074063,No,No
56,Lin,2026-09-18 18:04 UTC,Not submitted,Tier 2,0.2973438662672911,0.0300210142923241,0.7836147254901961,0.0109596445795481,0.3758553442753992,0.022025340142159,0.5162818104111102,0.0414377813379392,0.4083448301785915,0.0242075896938674,No,No
57,tobi,2026-09-24 23:13 UTC,Not submitted,Tier 2,0.297073438692208,0.0295672130409579,0.7757638003565062,0.0103985881983711,0.3431139076061793,0.0229577563106688,0.5792988703605408,0.038051921438785,0.4253055497368557,0.0257420668395831,No,No
58,jyamvwa,2026-09-23 16:11 UTC,https://github.com/Jackson-yamvwa/DrugDiscovery-Py/blob/main/openadmet-cyp-challenge/METHOD_REPORT.md,Tier 2,0.294043062051917,0.0294142241693936,0.7588222424242425,0.0109329703582835,0.3330020808750523,0.0212496351872966,0.6147350225113408,0.0408101132716792,0.4233581202662033,0.0248655907565641,No,Yes
59,dftchemist,2026-09-23 18:02 UTC,v11,Tier 2,0.2935742526627612,0.0279569633614362,0.7381722049910874,0.0114562678493394,0.3274263847508667,0.0195506311423825,0.6510990354336157,0.0396486215932354,0.416079711010778,0.0228675122715911,Yes,No
60,Woong,2026-09-15 10:52 UTC,Not submitted,Tier 2,0.2914564132220988,0.0290772722839625,0.7551555311942959,0.0109509304415542,0.3277103197717855,0.0205144149856434,0.6160962700238903,0.0410174141617844,0.4181773082463485,0.024332165202799,No,No
61,thinkMolecular,2026-09-23 07:36 UTC,Not submitted,Tier 2,0.2877671410659171,0.0318264296282096,0.7966222976827094,0.0102644289066443,0.4013681514225813,0.0257819851154798,0.4460119082584574,0.0424598072698169,0.3888523168618561,0.0274257035698191,No,No
62,drp-to-admed,2026-08-20 07:54 UTC,Not submitted,Tier 2,0.2867634833541406,0.0381885955972026,0.827457568627451,0.0094343666243904,0.4726332877652953,0.039972064489869,0.3178919613124735,0.0389743242180642,0.3662305282995887,0.0358587008853501,No,No
63,HemeCompass2026,2026-09-04 05:08 UTC,Not submitted,Tier 2,0.2862463577197923,0.0310418102492383,0.772495101604278,0.0110472222862894,0.3399836525018039,0.0227158103114246,0.5637834946625446,0.0413731110208774,0.4160588176460235,0.0262370572368721,No,No
64,avaliev,2026-08-18 19:01 UTC,Not submitted,Tier 2,0.2857475250270062,0.03879080128774,0.8349058734402852,0.0090465995557883,0.4239680398899609,0.0512502002819681,0.3853261475545553,0.0305225226935352,0.3915286142421686,0.0351833044292297,No,No
65,ChemSpace,2026-09-24 20:42 UTC,Not submitted,Tier 2,0.2837013041340379,0.0294010825551536,0.7552982798573975,0.0112358833124189,0.3241668599990229,0.0212786397713259,0.6048553633977587,0.0397473926071709,0.4153136644257096,0.0249167110580016,No,No
66,cypcyp,2026-09-24 22:21 UTC,Not submitted,Tier 2,0.278177144615419,0.0293155540180939,0.7584777058823529,0.0114796249848831,0.3513416205621226,0.0206861972323846,0.54413005323337,0.0431101360051016,0.3963963361005269,0.023314562502359,No,No
67,whippoorwill,2026-09-16 07:20 UTC,Not submitted,Tier 2,0.2781327226026214,0.0370007239177907,0.838923688057041,0.0097129124819028,0.4154726674674446,0.0430122328919075,0.3582536286516439,0.0314905598570622,0.3816468794744172,0.0335090781634483,No,No
68,MM-2026,2026-08-27 19:37 UTC,Not submitted,Tier 2,0.2774276931069668,0.0255796903844685,0.6985645525846702,0.0120430346929863,0.299659754191228,0.0170519398993114,0.6991770830891949,0.0389416196861718,0.4025952426771325,0.0206143302651706,No,No
69,Lizard Wizard Gizzard,2026-09-24 08:12 UTC,https://github.com/doctawho42/CYPChallenge/blob/main/docs/method_report.md,Tier 2,0.2767570308188253,0.0237418947146653,0.6726699322638147,0.0117146285955722,0.3085062808509665,0.015277464908773,0.6964259669571713,0.0393026771775368,0.3977846122104284,0.0172021157894639,No,Yes
70,bioai96,2026-08-23 11:01 UTC,Not submitted,Tier 2,0.2765436007067965,0.0275435234372941,0.7320971818181818,0.0114813601420414,0.3150721107613994,0.0182143916821409,0.6275231296274064,0.0416351775429751,0.4039726788812754,0.0218527829941364,No,No
71,levi_12,2026-09-12 10:34 UTC,Not submitted,Tier 2,0.2765414703555053,0.0252830369692963,0.6818263351158644,0.0118943952464321,0.2959239334160269,0.0157694679983004,0.7185565990185144,0.040566167287279,0.3992349300104397,0.0192457747853699,No,No
72,caithmac,2026-08-24 06:09 UTC,Not submitted,Tier 2,0.2763797177610422,0.0289080269332929,0.7336963101604279,0.0115526746224133,0.3077943821196526,0.0201018697883334,0.6420087568783855,0.0396157163414329,0.410431571304121,0.0242621924520985,No,No
73,CompChem Magicano,2026-09-22 04:00 UTC,Not submitted,Tier 2,0.2730080435305736,0.023940918282692,0.6419891158645277,0.0124198778891247,0.318001905990345,0.0161536194412627,0.7177868811240211,0.0376574804044943,0.3885009417194799,0.0173776346082569,No,No
74,ADMETForge,2026-09-06 03:56 UTC,Not submitted,Tier 2,0.2713637331403712,0.0328463415221669,0.8021916755793227,0.0103072973340533,0.375122919502289,0.0268695369551117,0.4345570285022388,0.0399181837787304,0.3915644554659913,0.0287829112739176,No,No
75,hfger,2026-09-17 02:45 UTC,Not submitted,Tier 2,0.270869329852628,0.034650447100909,0.8251475383244207,0.009504148318688,0.3971731442764428,0.0333261266965629,0.3756662418274644,0.0358013792342529,0.384442779539442,0.0317583714758681,No,No
76,Safi,2026-09-24 10:25 UTC,Not submitted,Tier 3,0.2700236707815356,0.0272733751018508,0.7586007094474153,0.0108720510164427,0.3499277286615346,0.0196555645346164,0.523468380611721,0.0400027795154096,0.3901230846810686,0.0214837538885696,No,No
77,qxw138,2026-09-22 09:22 UTC,Not submitted,Tier 3,0.2699162664672759,0.0249527757366787,0.6381608877005348,0.0130171837984812,0.3026847728331042,0.0153172737249032,0.7283558275019911,0.0397822052701791,0.392260395325186,0.0172272388688418,No,No
78,drp-to-admet,2026-08-21 18:59 UTC,Not submitted,Tier 3,0.2690028349841393,0.0372034470827488,0.8086478680926916,0.0096732724858425,0.375895648150973,0.0388918587305734,0.4354964119668495,0.0349351028616761,0.3990603547630808,0.0341961061221913,No,No
79,Shruti202,2026-09-14 19:47 UTC,Not submitted,Tier 3,0.2675030915426102,0.0310726457463194,0.7794612638146167,0.010571851226252,0.3435548568732589,0.0234398065272385,0.5041087405423933,0.0399468929837908,0.3990735591658492,0.0264622205125519,No,No
80,autumnZ,2026-09-06 14:27 UTC,Not submitted,Tier 3,0.2672898320976528,0.0266420398314414,0.7131650659536543,0.0117980010536006,0.2999635314047479,0.0177239669355704,0.6570971828301317,0.0395476946109776,0.3991416253186522,0.0214080868485383,No,No
81,TabICL-baseline,2026-08-13 04:21 UTC,Not submitted,Tier 3,0.2666246463955254,0.034503783803749,0.8409340926916221,0.0093949416899187,0.4379347906390813,0.0382872240831278,0.297528715045576,0.0311405449238302,0.3528158115875667,0.0319442208575945,No,No
82,wbot,2026-08-22 19:48 UTC,Not submitted,Tier 3,0.2659452757835854,0.0288232184869848,0.8310693083778966,0.0099416244153645,0.3660026005171262,0.0258830647023282,0.3900547041989026,0.0290996324787462,0.3767118396890389,0.0252711835470378,No,No
83,Rguava,2026-09-18 08:10 UTC,Not submitted,Tier 3,0.2651155013849272,0.0348631400254146,0.8099337878787878,0.0100921409273495,0.4190403002881775,0.031546785975693,0.3543331101474537,0.0404058768617321,0.3583547534424146,0.0316880563381122,No,No
84,ademmanlincoln07,2026-09-21 20:26 UTC,https://github.com/AdemolaTolulope/cyp-inhibition-profiler,Tier 3,0.2642770401604447,0.0292319024720824,0.7437403226381462,0.0110649249398532,0.3147976185439397,0.0207142695711957,0.5962779166927676,0.0391352232892021,0.4046592087955659,0.0245763839010332,No,Yes
85,3a4N_TDI,2026-09-23 08:39 UTC,Not submitted,Tier 3,0.2607745594259586,0.0317362136775458,0.8273494474153298,0.0094446753880749,0.3824145630903494,0.0305556248975153,0.3673117407753451,0.0321096718362013,0.3734629347231609,0.0288147145243195,No,No
86,LGBM-baseline,2026-08-13 04:21 UTC,Not submitted,Tier 3,0.2579126305460024,0.0355336142205439,0.8333682816399287,0.0091424125545524,0.4663523603718844,0.0401542932631764,0.2600300888470083,0.0331889507813043,0.327310117921871,0.0338891504969111,No,No
87,XGB-baseline,2026-08-13 04:21 UTC,Not submitted,Tier 3,0.2561466108372674,0.0361319076872428,0.8327976274509804,0.0093618649156166,0.4656116102618407,0.0408211902877633,0.2579418335687622,0.0334747235105071,0.3252815293637332,0.0343770488302639,No,No
88,Goodnight,2026-09-24 20:13 UTC,Not submitted,Tier 3,0.2532493468482257,0.0257038738985526,0.6750478591800356,0.0121179112800764,0.3065769116331781,0.0161773548362042,0.6503370784803422,0.0414726291918258,0.3830740889893254,0.0184091546859986,No,No
89,your_user_alias,2026-08-24 01:29 UTC,Official LightGBM baseline,Tier 3,0.252369929985093,0.0386074014832989,0.8384422085561497,0.0093101949090957,0.4897889019533629,0.0508089561212923,0.2266353995693948,0.0308938531465018,0.3077057780301088,0.0361771095095084,No,No
90,Chocolatine,2026-08-22 12:16 UTC,Not submitted,Tier 3,0.2516976753598926,0.0244428275239181,0.6425725008912656,0.0128779446385071,0.2912290499001708,0.0155717030103126,0.7122837956828315,0.0386235994476327,0.3817563646997068,0.0177640852968364,No,No
91,cyp450_TDI,2026-09-24 08:49 UTC,Not submitted,Tier 3,0.2512222123570748,0.0319406780652201,0.823576780748663,0.0096635864996047,0.376382540464878,0.0311844737766988,0.3593014847780361,0.0317812458316979,0.3663520884684763,0.0288368642297022,No,No
92,cpvx,2026-09-24 07:17 UTC,Not submitted,Tier 3,0.2507004290114148,0.0294388209598725,0.7355537504456328,0.0110891369838417,0.3027431651665094,0.0208004786813299,0.5929104229901259,0.0403282577753998,0.3963627147004184,0.0249334934215431,No,No
93,CoSy,2026-09-06 06:59 UTC,Not submitted,Tier 3,0.2480191950626248,0.034111206867288,0.7995282673796792,0.0101208559104855,0.3424845227643193,0.0356714954265428,0.4436651613858586,0.0310854177951719,0.3809423583097877,0.0311384441224564,No,No
94,AL,2026-09-19 11:38 UTC,Not submitted,Tier 3,0.2314530939477568,0.0301686234061313,0.7858793190730838,0.0107418227857888,0.3199890875582116,0.0246595601659366,0.4445892560511131,0.0342148727728733,0.370860139345645,0.0264110752746199,No,No
95,adlvdl,2026-09-21 10:15 UTC,https://github.com/jeremycheminf/openadmet_scripts/tree/main/CYP_Challenge,Tier 3,0.2300767574532924,0.0273031613121282,0.7055181711229946,0.0122986514603875,0.2960365094461387,0.0172874143884992,0.5745389312006746,0.040784010455446,0.3722354296541068,0.0201452934781068,No,Yes
96,newcyp_1,2026-09-20 03:34 UTC,Not submitted,Tier 3,0.2300120012822059,0.0306925996247185,0.832735595365419,0.00940325791939,0.3605263450629172,0.0378922670933837,0.3267887079138642,0.0242981110090657,0.3385589753682255,0.0265677215150624,No,No
97,hf-far,2026-08-30 08:07 UTC,Not submitted,Tier 3,0.2277425176206203,0.0286745580730665,0.7532647540106953,0.0109946078689194,0.308917331182561,0.0201341139562313,0.495828281717586,0.0385671585912713,0.37145340213174,0.023350272881724,No,No
98,tajfun,2026-09-24 12:46 UTC,Not submitted,Tier 3,0.2255726648654399,0.0268080824315683,0.703704900178253,0.0117618156712136,0.3083917943261337,0.0181785458177806,0.5486767889785166,0.0408627780910621,0.3640120534794755,0.0200871637660635,No,No
99,3a4_TDI,2026-09-23 07:56 UTC,Not submitted,Tier 3,0.2238110409025108,0.0275924337737676,0.8135045062388592,0.010119726514089,0.3468588471131927,0.0247260634461679,0.3451273016171212,0.0284137427376298,0.3436940039862164,0.023814456275268,No,No
100,cyp450_reg,2026-09-24 09:39 UTC,Not submitted,Tier 3,0.221493655818443,0.0316789006365971,0.8117014474153298,0.0098657017163278,0.3562478363722577,0.0305913414547443,0.3361421074984139,0.0316257193193425,0.3445366885220315,0.0286164908124149,No,No
101,highsky,2026-09-20 06:18 UTC,Not submitted,Tier 3,0.2048517286458485,0.0260894483800682,0.8348144723707664,0.0092310049078401,0.3276776115372974,0.0342885717051124,0.3042852933398436,0.0199822998685012,0.3113651302935364,0.0213571772482375,No,No
102,mobster,2026-09-17 15:30 UTC,Not submitted,Tier 3,0.1972976072965282,0.0315888287147507,0.8333370409982175,0.0094231102224863,0.3696285359623472,0.0447923542590874,0.2422109014744304,0.0231728959720011,0.2894406554250079,0.0273323727927907,No,No
103,wizard_of_cyp_exp8,2026-09-20 07:43 UTC,Not submitted,Tier 4,0.1863570494373375,0.0281957521752139,0.8303987504456328,0.0098782097314745,0.3784967679613792,0.0331980774930967,0.2061937410857205,0.0225446614070794,0.2660788051920811,0.0251514679028214,No,No
104,nkwork,2026-08-29 10:47 UTC,https://github.com/nkwork9999/mollibra-challenges/blob/main/reports/openadmet_method.md,Tier 4,0.1810976254108172,0.0268707971413929,0.669281909090909,0.0124678220504957,0.2746962977099286,0.0168543359724175,0.5491078042952693,0.0418750139883615,0.3387170253656718,0.0196113391377826,No,Yes
105,rogerbyrne,2026-09-01 09:43 UTC,Not submitted,Tier 4,0.1770608620064434,0.0251962230139989,0.6328373315508021,0.0124192237708925,0.2517103567470847,0.0144350895208258,0.6199447756015795,0.040378666446347,0.3441506405177492,0.0178272539407005,No,No
106,HBI,2026-09-20 01:02 UTC,https://huggingface.co/buildingpeps/hbi-cyp-challenge-v2,Tier 4,0.1748839935648078,0.0264374018335604,0.6035101657754011,0.0121095965851405,0.2375363188349495,0.0159254523911412,0.7173186148076981,0.0394952089124419,0.3536995558336647,0.0211592888652676,No,No
107,sıkıntıyok,2026-09-15 20:55 UTC,Not submitted,Tier 4,0.1665862668716594,0.025990905501338,0.5636867843137255,0.0120138061785026,0.301404470811418,0.0175075077187847,0.5665187457017866,0.0402053050712681,0.3202997071373106,0.0173777864128229,No,No
108,chemfm-baseline,2026-08-25 23:59 UTC,Not submitted,Tier 4,0.1488084096904469,0.0235996175213397,0.5007332780748663,0.0128545197530919,0.2422750837825341,0.0125333245531629,0.7027512081426813,0.0379672712577851,0.3337362640564819,0.0144026601229864,No,No
109,ulcompute,2026-08-26 23:04 UTC,Not submitted,Tier 4,0.138069064326664,0.0287597676321577,0.7246806399286987,0.0117372913291147,0.2759237639894867,0.0208352709734292,0.3667720024340026,0.0383719167120564,0.2929579390544742,0.0225147305851742,No,No
110,yuan3,2026-09-18 14:53 UTC,Not submitted,Tier 4,0.1320454483788405,0.0246904129395538,0.6685890356506239,0.0124036058502241,0.2634698879820243,0.0158392619077326,0.4293707730642253,0.036544343559598,0.3081824135366827,0.0171029783175762,No,No
111,golden,2026-09-24 16:40 UTC,Not submitted,Tier 4,0.130751272443738,0.0251834883405719,0.8106046773618538,0.0095831481326846,0.3471775616254069,0.0304915883093297,0.1488629112441818,0.0210983839658321,0.205049146691929,0.0233657405139393,No,No
112,Class-1,2026-08-24 22:35 UTC,Not submitted,Tier 4,0.1275390515451765,0.0328321323615968,0.7591121051693405,0.0108487550154563,0.3153869935759205,0.050381813290573,0.2467066428167798,0.039908546134786,0.1687497623269641,0.02593496724631,No,No
113,wfondrie,2026-09-10 23:45 UTC,Not submitted,Tier 4,0.1138035807123118,0.0314859173206917,0.8103447629233511,0.0098549485040852,0.3616582156519791,0.0460500206414382,0.106904970068055,0.0219355140962912,0.1597372521954659,0.0281339804604637,Yes,No
114,dargason,2026-08-21 14:11 UTC,https://admet-cyp.aetherark.com/classification-submissions.html,Tier 5,0.0638498066509022,0.0074817312840846,0.2164227076648841,0.0102816396483803,0.1877033197743889,0.0095816696794621,1.0,0.0,0.2969543449250861,0.0127694576542536,No,Yes
