Rank,Username,Submitted,Model Report Link,Significance (tiers),MA-ST-RAE,MA-ST-RAE std,MA-MAE,MA-MAE std,MA-R²,MA-R² std,MA-Spearman's ρ,MA-Spearman's ρ std,MA-Kendall's τ,MA-Kendall's τ std,Proprietary Data,Open Code
1,preheat-to-450,2026-09-24 23:47 UTC,Not submitted,Tier 1,0.372125165746152,0.0103163841807206,0.6004588544213257,0.0086750278359539,0.6769840402303949,0.0106249026967327,0.8047754441364003,0.0086661237865549,0.628290466099327,0.0080975331421172,No,No
2,wbot,2026-09-24 19:53 UTC,Not submitted,Tier 2,0.391233188538203,0.0105318713232055,0.6194777478322353,0.0087925893819031,0.6523300078190631,0.01144712643487,0.7875399482715992,0.0092842569530424,0.6111957830524887,0.0085251050446549,No,No
3,cypadeedoodah,2026-09-24 09:50 UTC,Not submitted,Tier 2,0.3921268674193557,0.0104589347700869,0.651058011725521,0.0089288946451856,0.6283836649301613,0.011207624561953,0.7947384777635682,0.00876113005073,0.6168150769619113,0.0081149291538467,No,No
4,Rubyy,2026-09-23 09:13 UTC,Not submitted,Tier 2,0.4013611723235382,0.0107151376873118,0.639408739641291,0.0089876481438431,0.6308911233704521,0.0127814652229457,0.7881636867998608,0.0092102352249142,0.6117993807532197,0.0083639934936733,No,No
5,EleanorRigby,2026-09-24 13:31 UTC,Not submitted,Tier 3,0.4172944527517587,0.0105806534236967,0.6626591626915153,0.0089567168866896,0.6178694450428167,0.0113172208795432,0.7846314021666303,0.0090954463376355,0.606785459122518,0.0083779343315615,No,No
6,beast,2026-09-23 23:24 UTC,Not submitted,Tier 3,0.4263491658750591,0.0102064412011557,0.6947180540547657,0.0094385739460489,0.5738834801730669,0.0124385059010152,0.7822779928341278,0.0093125006216712,0.6036178750223398,0.0084071266688297,No,No
7,leebrubeck,2026-09-14 18:38 UTC,Not submitted,Tier 4,0.4336337294380127,0.0119135983981192,0.626411518489837,0.0088811009878103,0.64788199285338,0.0114998819945168,0.7771449733082958,0.0092370722416043,0.5956047200933282,0.008433095321951,No,No
8,hfger,2026-09-24 15:42 UTC,Not submitted,Tier 4,0.4357489878095564,0.0116032718791791,0.6382828701488183,0.0087876141430084,0.6359301941606232,0.0120853169889986,0.7613432184939105,0.0098614490168016,0.5856505987791245,0.0087177393745897,No,No
9,first-chair,2026-09-14 17:51 UTC,Not submitted,Tier 4,0.4362025490228254,0.0121100656395836,0.6306245898324053,0.0087252267713062,0.6459882230098826,0.0114181338119649,0.776292400006309,0.0091542772406565,0.595092390533597,0.0083402048315759,No,No
10,furtivepeony,2026-09-10 01:30 UTC,Not submitted,Tier 4,0.4370039159770727,0.0118019305727807,0.6382557009370003,0.0087208861046578,0.6353619430911773,0.0118201894661337,0.7588187620491271,0.0100887062998193,0.5850951705823553,0.0088218309816311,No,No
11,Scigantic,2026-09-21 17:57 UTC,Not submitted,Tier 4,0.4381947282646063,0.0114170022072851,0.6568117268945014,0.0088222625861435,0.6192862633371237,0.0108541376926989,0.7595572799060337,0.0100325789146078,0.5854121620358447,0.0088335660921431,No,No
12,psk,2026-09-24 18:57 UTC,Not submitted,Tier 4,0.4386596936951029,0.011674779432564,0.6424448506610541,0.0088522529325386,0.6293114402470547,0.0116997211483833,0.7655108351932312,0.0095672958795785,0.5887720732780273,0.0084675261788563,Yes,No
13,hf-far,2026-09-02 19:55 UTC,Not submitted,Tier 4,0.440972106591014,0.0114125353477377,0.668025264028929,0.0091025820888638,0.6018773093936353,0.0127282139702985,0.754931948691422,0.0101330631308832,0.5807925375029946,0.0088568771454902,No,No
14,rasayan-labs,2026-09-24 21:33 UTC,https://github.com/whis9/rasayan-cyp,Tier 4,0.4413264493236329,0.0117318748054543,0.6448622182055088,0.008859120660869,0.6268320057694218,0.0117939126655249,0.7637277435655896,0.0095484391390354,0.5875518222439157,0.0084609706210664,No,No
15,briford,2026-08-30 15:14 UTC,https://supercowpowers.github.io/workbench/blogs/cyp_challenge/,Tier 4,0.4429766982327573,0.0121103926346562,0.6414993248486499,0.0087691176279374,0.6299711754008499,0.0122629767860393,0.755914223320054,0.0100490241400483,0.5820020245841688,0.0087934686944849,No,Yes
16,horse-pusher,2026-09-23 03:39 UTC,Not submitted,Tier 4,0.4439986310133086,0.0117041449889915,0.6688678923740268,0.008861228645574,0.6034278021638204,0.0129586147076542,0.7527016473600978,0.0102129526491259,0.5805591379181945,0.0088104853006966,No,No
17,as-ris-1,2026-09-23 21:46 UTC,Not submitted,Tier 4,0.4444037937792712,0.0121972423690044,0.6425043204423193,0.0090458851268038,0.6296406502967594,0.0129931255623377,0.771114977214051,0.0097770764506852,0.5926595100368318,0.0086220630292935,No,No
18,curiousone,2026-09-16 05:35 UTC,Not submitted,Tier 4,0.4468655788204898,0.0117166961560741,0.6446712855432387,0.0088792422914274,0.6279041328474019,0.0122426451057269,0.7570372130019911,0.0100314390408835,0.5841002590240347,0.008795889295879,No,No
19,N283T,2026-09-24 05:44 UTC,Not submitted,Tier 5,0.4493821468337995,0.0124524027221915,0.6425015222151744,0.0088331018835739,0.6255868080902746,0.0121935346266303,0.7366765148893772,0.0105292216748842,0.566342823874867,0.0090840935778416,No,No
20,random-forest,2026-09-22 12:47 UTC,Not submitted,Tier 5,0.4520776026918852,0.0118953952742318,0.6492380327589132,0.0086702679065817,0.6244035075674085,0.0121021026389796,0.7509469996719037,0.0101545711992004,0.5770649316730018,0.0087834803640968,No,No
21,Ligand Pro,2026-09-21 10:57 UTC,Not submitted,Tier 5,0.4583559693627323,0.0125211153237976,0.6526148425732738,0.009189437397999,0.6162932935323051,0.0129280289022663,0.7454931543785717,0.0101334944870822,0.5693927878911137,0.0088948311629284,No,No
22,ADMETForge,2026-09-22 12:33 UTC,Not submitted,Tier 5,0.4586831275013956,0.0121153167547656,0.6407691997793479,0.0088138582030255,0.6301229821308915,0.011976441863587,0.75963557361199,0.0097618350696324,0.5827897008034088,0.0085452462765563,No,No
23,lex,2026-09-16 07:27 UTC,Not submitted,Tier 5,0.458764633978475,0.0125884121718572,0.6550811928479655,0.0090924300508028,0.6179164096830746,0.0123021056380123,0.746573457689855,0.0102899134515374,0.5711248259610507,0.008915670419655,No,No
24,JSHCF,2026-09-23 14:49 UTC,Not submitted,Tier 5,0.4593488377794718,0.0116376025328265,0.6779918956809176,0.0097453307570631,0.590798055315644,0.0126920933013162,0.7542088720868808,0.0100952457581705,0.5744395815489132,0.0088756728692013,No,No
25,nova,2026-09-24 15:45 UTC,Not submitted,Tier 6,0.462076177169067,0.0129164947982879,0.6562346922532442,0.0094696354831521,0.6098094855116932,0.0128385247232703,0.7449655958535126,0.0104580217889565,0.568044279953101,0.0091244126440386,No,No
26,z,2026-09-24 12:59 UTC,Not submitted,Tier 6,0.4635705761959249,0.0118468448017563,0.6684584763275463,0.009535758197951,0.5981507399746285,0.0121992223729209,0.7479351008428933,0.0100722815839845,0.571936863540432,0.0088635707692498,No,No
27,CoSy,2026-09-18 15:45 UTC,Not submitted,Tier 6,0.4643368981660232,0.0118758753989691,0.6796569785607024,0.0097645166851759,0.5814215440815612,0.0131332013343262,0.7499709692074032,0.0099470547504197,0.5679603950003327,0.0088605925742124,No,No
28,stir_bar,2026-09-24 11:23 UTC,https://github.com/lachrymator/openadmet-cyp-challenge-public,Tier 6,0.4646555511930666,0.0109635999307871,0.6881461875190664,0.0088595042253408,0.5946788181290685,0.0112383555869043,0.7469574531052846,0.0103428321674001,0.5712260293774986,0.0090951487520161,No,No
29,C_CYPher-cypext-B1cal-restore,2026-09-14 13:52 UTC,Not submitted,Tier 6,0.465434179692329,0.0123137693403388,0.6559376533642656,0.0093259317326262,0.6094467188831665,0.0119975960654098,0.760560894934429,0.0098265656335745,0.5797699603867392,0.0085943055725841,No,No
30,tguttenb1,2026-09-24 09:57 UTC,Not submitted,Tier 6,0.467968860433143,0.0126560648970932,0.6539240326658199,0.0089726943898416,0.6184083627422476,0.0116599544759179,0.7339060964521011,0.0104026606308362,0.5618959453053529,0.008954738709034,No,No
31,q7kp2,2026-09-24 23:41 UTC,Not submitted,Tier 6,0.4689714449691982,0.0121881124943833,0.6578568077450345,0.0095901836722644,0.6005617381653723,0.013215948430454,0.7364456782565787,0.0103301283289074,0.5652982623305824,0.0087336071298829,No,No
32,Autopilot (fully autonomous agent entry),2026-09-14 23:46 UTC,Not submitted,Tier 6,0.4709858029406845,0.0105731537415759,0.6917393885657201,0.0092890529843331,0.5855647368399245,0.0102949930395443,0.7785300489010287,0.0091948353403699,0.5977481415346567,0.0084663654103821,No,No
33,Tutu,2026-09-24 18:16 UTC,Not submitted,Tier 6,0.4755091711845114,0.0117272134951411,0.6835517745504421,0.0098642713546681,0.5820346014423176,0.0112387074319543,0.7508036028354712,0.010578225909691,0.5723073525833463,0.0094139341711561,No,No
34,TeamPrescience,2026-09-24 12:14 UTC,Not submitted,Tier 7,0.4781463415248476,0.0131177539896755,0.663185958503869,0.0095969466380337,0.5960261541228243,0.013004655779083,0.726657482222592,0.010477759343595,0.555317601532481,0.0090373974071056,No,No
35,Moyu,2026-09-24 04:20 UTC,Not submitted,Tier 7,0.4802390167938364,0.0121017719736076,0.6827813104160648,0.0093910003312494,0.5864944492679648,0.0128592869822272,0.7464474641753367,0.0099510276771644,0.5657138820658506,0.0087243683077987,Yes,No
36,samsung,2026-09-14 07:57 UTC,Not submitted,Tier 7,0.4808302912680672,0.0129173905532875,0.66357609785821,0.0098196226633114,0.5921062203883202,0.014142341316644,0.7286054090502032,0.0107897211534638,0.5564966283902631,0.0091315715200537,No,No
37,Latte,2026-09-15 08:11 UTC,Not submitted,Tier 7,0.4821409140567928,0.0129434979015075,0.6666680361556521,0.0097317557920895,0.5912644306252225,0.0137599014206439,0.7322187390749794,0.0103947673221683,0.5594698818821672,0.0089657193046695,No,No
38,Cheminfo,2026-09-22 01:57 UTC,Not submitted,Tier 7,0.4821925221754915,0.0120937297711508,0.7061755783553149,0.0093936548749433,0.5767258692852908,0.0121547224211318,0.7549194188497367,0.0100025192129841,0.5808886323845144,0.0090607101819891,No,No
39,admetchallenger,2026-09-24 18:05 UTC,Not submitted,Tier 7,0.4831358082070487,0.0126627439582407,0.6609210878605467,0.0095385787009349,0.602679141340339,0.0126430959001361,0.7397676121274561,0.0102113644185064,0.5622865880701629,0.0089114767595197,No,No
40,Gashaw,2026-09-15 00:00 UTC,Not submitted,Tier 7,0.4832673748601956,0.0122380891894394,0.700503904609681,0.0094741271742983,0.5664028051907879,0.0145973151444256,0.7590099710177055,0.0098044659273807,0.5791084244627147,0.0087644799120744,No,No
41,alexxi11,2026-09-17 08:27 UTC,https://github.com/datagrok-ai/admetica,Tier 7,0.4883553620354938,0.0113931146012484,0.7237019718312231,0.0095373107597646,0.550624761498609,0.0123648223119555,0.730039122527564,0.0106324011730413,0.5584170717478357,0.0091157633942985,No,Yes
42,grapefruit,2026-09-24 22:01 UTC,Not submitted,Tier 7,0.4921534927034038,0.0113683733058139,0.7482912903150242,0.0098191047064989,0.5216336957193052,0.0131359380527195,0.742276464265055,0.0106370015145696,0.5613780705398236,0.0093616781074283,No,No
43,PCA,2026-09-14 08:50 UTC,Not submitted,Tier 7,0.4922988386744624,0.0131360186543998,0.6710256709532838,0.0099347729792197,0.5814902410263114,0.0145528380666668,0.724588671033127,0.0107927333126758,0.5537734218601655,0.009074456836724,No,No
44,PIPL-Bio,2026-09-13 19:12 UTC,Not submitted,Tier 8,0.4944479891827775,0.0129232324602751,0.6931792890658988,0.0099742664647577,0.5646047241724319,0.0129253608526479,0.7234228342818659,0.0104443514815605,0.5514392195760807,0.0090407754149938,No,No
45,deoxys,2026-09-09 08:24 UTC,Not submitted,Tier 8,0.494974693772128,0.013306664031891,0.6818015442016198,0.0097015916511236,0.5792231168460449,0.0137333398271774,0.7221195478188156,0.0108849349503871,0.5486710967230569,0.0093371133218835,No,No
46,ohmycyp,2026-09-23 23:02 UTC,Not submitted,Tier 8,0.4968764346023153,0.01324973889887,0.6785205208603293,0.0099816908352685,0.5753076273297819,0.0142316067997852,0.7196770185412957,0.0107920725662955,0.548234397560734,0.0092316899771824,No,No
47,cube_cyp,2026-09-17 13:35 UTC,Not submitted,Tier 8,0.4976182410472546,0.0126562558742025,0.6941357802807526,0.0099708918394278,0.5616197290164878,0.0141108238219268,0.7189576398234603,0.0104541542445257,0.5485484324527329,0.0088508899629617,No,No
48,jeremy,2026-09-08 08:01 UTC,https://github.com/jeremycheminf/openadmet_scripts/tree/main/CYP_Challenge,Tier 9,0.5067745105398396,0.0124838514769644,0.6370327271847294,0.0093037544348838,0.6194958615958767,0.0111956410652486,0.7504967395568509,0.0098567630690077,0.5747415231297771,0.0086735749402859,No,Yes
49,QQSAR,2026-09-13 01:11 UTC,Not submitted,Tier 9,0.5157595674252935,0.0134565207180321,0.6942096733954538,0.0099318784312711,0.561391640664746,0.0145333087835862,0.7146099464726743,0.0107725530314936,0.5408753540254904,0.0091553832982063,No,No
50,SVM,2026-09-24 20:22 UTC,Not submitted,Tier 9,0.5188170017918071,0.0120577687438221,0.7508976463177046,0.0105619575442368,0.4784192948267091,0.0172802393276101,0.764525265965472,0.0094974737382952,0.5851586214928023,0.0084214898801797,No,No
51,HemeSight,2026-08-28 18:08 UTC,Not submitted,Tier 9,0.5201183179677461,0.0140252881995434,0.6638971874580138,0.0104088433384951,0.5857072483441986,0.0135437433570608,0.7374140837742624,0.0104578549628994,0.5616584029902315,0.0090703899575891,No,No
52,ÇÝPŔËŠŠ ĤÎŁŁ,2026-08-30 09:16 UTC,Not submitted,Tier 10,0.5223457646128736,0.010469446372657,0.7345492931644867,0.0090099479805804,0.5477379360886225,0.0102962882781281,0.732200629925077,0.0108288464452122,0.5597548471946864,0.0093058886658847,No,No
53,CYPNet,2026-09-16 18:25 UTC,Not submitted,Tier 10,0.5263286778530188,0.0135768973819618,0.7010586551946284,0.0098105165083519,0.5552609788316288,0.0142279142847889,0.7057279698904558,0.0110990548012232,0.531083993583808,0.009334731911138,No,No
54,joewallace,2026-09-24 11:43 UTC,Not submitted,Tier 10,0.5299548403999887,0.0110797814844067,0.7367865930155014,0.0097418926040141,0.5274756151943198,0.0114616920378979,0.7129318363349098,0.0111003976483489,0.5367424584222842,0.0095327592219667,No,No
55,Asidsal11,2026-09-24 18:00 UTC,Not submitted,Tier 10,0.5312681440885912,0.0114583885249866,0.7578927327256961,0.010041633965116,0.5020548554692166,0.0122650754672425,0.7475591842027541,0.01025774320545,0.5706504595075446,0.0088756247436178,No,No
56,harinu123,2026-09-09 20:29 UTC,Not submitted,Tier 10,0.5341107624845692,0.0119764673806274,0.7240443477391426,0.009667205264466,0.542747862343859,0.011915472019104,0.7179593537841527,0.0108223998650224,0.5458008013375689,0.0091949031919188,No,No
57,JacksonBurns,2026-09-24 14:17 UTC,https://github.com/JacksonBurns/cyp-challenge/tree/0fa9dd4392a5cb331a9cf867861c909cd1aca49a,Tier 10,0.535358013981672,0.011678128844949,0.7329140575170725,0.0102233128677792,0.519215468112675,0.0122861877686203,0.7250514743099353,0.0105215822459502,0.5522373507284719,0.009001423593242,No,Yes
58,molscribe,2026-09-15 02:10 UTC,Not submitted,Tier 10,0.5433121179016573,0.0137676046666234,0.7085437436946953,0.0100188259347016,0.5405071614267112,0.0145318998535579,0.7224166069053783,0.010777539805097,0.5485624044301984,0.0091595220026306,No,No
59,NorthCoil,2026-09-21 15:00 UTC,Not submitted,Tier 11,0.5486809049591412,0.0105156193529312,0.7959409359925612,0.0105837812306965,0.4595241121257669,0.0135744715227455,0.7281509761731708,0.010847359683663,0.5519280184409565,0.0092645377377584,No,No
60,pump-again,2026-09-23 05:13 UTC,Not submitted,Tier 12,0.5683901571056957,0.0127904891451804,0.7106040070214323,0.0096799082124979,0.5507286955707879,0.0105044393687612,0.728491429780771,0.010433536480471,0.546467189934547,0.0090510014261224,No,No
61,hamza322,2026-09-23 15:01 UTC,Not submitted,Tier 12,0.5763628035832149,0.0129683762525947,0.7169472586519878,0.0099389689626995,0.5384537495699806,0.0123601421554493,0.7043450720645232,0.0113553975938748,0.5316088462767833,0.0096376304728205,No,No
62,Lizard Wizard Gizzard,2026-09-24 08:12 UTC,https://github.com/doctawho42/CYPChallenge/blob/main/docs/method_report.md,Tier 12,0.576371887168923,0.0129258141383329,0.7001632492795603,0.0097545356946097,0.5620054044849238,0.011645784258118,0.7056103780439016,0.0108943055186491,0.5268719000441413,0.0092184554659821,No,Yes
63,Aspiring Green Chemist,2026-09-13 13:45 UTC,Not submitted,Tier 12,0.5802307674786799,0.0131650785482262,0.7330173819105811,0.010528911583013,0.5064268181886723,0.0129340299453121,0.6911400433428692,0.0117068807729044,0.5215781953520676,0.0097662478356319,No,No
64,KalenJosifovski,2026-09-20 10:00 UTC,CYP CheMeleon MT+TDI TabPFN quota,Tier 12,0.5839301517420818,0.0144792751140656,0.7996657162965592,0.0123856426691072,0.3969751668052944,0.021233448972697,0.709426388998769,0.0112464893116307,0.5351558031031262,0.0095361417068874,No,No
65,Biomni-TusoAI,2026-09-13 16:31 UTC,Not submitted,Tier 13,0.5938002846755092,0.0104318437782911,0.818671386061893,0.0100769604559872,0.4384599362374622,0.0140289621860499,0.7503703152131715,0.0102869385359851,0.5753193428182057,0.0089392839067843,No,No
66,fold-zero,2026-09-21 12:49 UTC,Not submitted,Tier 13,0.5968186909721576,0.013496324473084,0.746778194762826,0.0109678086059558,0.4866943471602144,0.0144782506268221,0.7043834715383687,0.0113970616889446,0.5262225615070918,0.009723961385727,No,No
67,450nm,2026-09-21 01:34 UTC,https://openadmet-cyp-dashboard.vercel.app/operating_dashboard,Tier 13,0.5988948796719068,0.0146836016559009,0.7466989449149816,0.0106595931909643,0.4972624845104216,0.0147729028928562,0.6751620209468938,0.0117130216512305,0.5021263876429587,0.009715439339556,No,No
68,highsky,2026-09-24 10:11 UTC,Not submitted,Tier 13,0.6013823302516484,0.0135850129225446,0.828774525194959,0.0116769256902884,0.3796130697620004,0.020759559963425,0.7293796679298684,0.0104621757791515,0.5540534078375644,0.0090463821959843,No,No
69,SVK091,2026-09-01 12:59 UTC,Not submitted,Tier 13,0.6027962430504654,0.0144479690889573,0.7669729905822853,0.0106433600666593,0.4845993284083632,0.0151208991127441,0.6679621996284684,0.0116741672144437,0.4937195152981423,0.0096790770132372,No,No
70,newcyp,2026-09-24 01:46 UTC,Not submitted,Tier 13,0.6088074924397173,0.0140546512582876,0.8376987366363778,0.0118849056732994,0.3618618498767251,0.0216464823167191,0.7268429373724966,0.0106530557276408,0.552014884013439,0.0092040665372152,No,No
71,TabICL-baseline,2026-08-13 04:21 UTC,Not submitted,Tier 13,0.6135167041579846,0.0138684449438743,0.8264909193101534,0.0117616232540868,0.3756828278569777,0.0210358935337242,0.7031427003535536,0.0114093418764781,0.5303826579197792,0.0097257572325452,No,No
72,I-11,2026-09-17 16:07 UTC,Not submitted,Tier 13,0.6147524013000683,0.0122382969927785,0.7477749080234519,0.0097123096672399,0.5081514584309623,0.0115758262830542,0.6856394494160136,0.0114350237946863,0.5087282026316258,0.0095477127836272,No,No
73,Xfeature,2026-09-24 05:29 UTC,Not submitted,Tier 13,0.6231871441350217,0.0174464576219319,0.7116234058127866,0.0112796980263864,0.5136966148162458,0.0177640588074623,0.6972771367132358,0.0114833825834732,0.5239793587704635,0.0096938509475418,No,No
74,tiprlab,2026-09-21 07:33 UTC,Not submitted,Tier 14,0.6254635157406133,0.0109109215239243,0.8669304622179088,0.0116771233147738,0.3518591359377417,0.0173006493423026,0.7349909590409491,0.0103477794387672,0.5581598689811196,0.0089137279686968,No,No
75,yourchoice,2026-09-24 08:48 UTC,Not submitted,Tier 14,0.6275043078969058,0.0141026091903483,0.8519257158937579,0.0120374362716181,0.3396762877006671,0.0219000665795475,0.7261823675549434,0.0105693663014329,0.5499746588087343,0.0091019089260597,No,No
76,PushingIce,2026-09-24 04:51 UTC,Not submitted,Tier 14,0.6275972641548005,0.0112440830688146,0.8249242685526437,0.0106920754772,0.4069235822010063,0.0119358417241889,0.6735914958035876,0.0112787535704076,0.4879079150485621,0.0093495802328648,No,No
77,cyp-o-matic,2026-09-01 13:16 UTC,Not submitted,Tier 14,0.6310549918587263,0.0130403426512738,0.7967671181927017,0.0104746770579818,0.4480778301927413,0.0142915736047299,0.7042445406901606,0.010782414591418,0.5261245869906562,0.0093242111398537,No,No
78,adlvdl,2026-09-19 16:17 UTC,https://github.com/adlvdl/cyp_competition,Tier 14,0.6384499726467598,0.0117895615511744,0.770808719600561,0.0101118172807627,0.4805204413312465,0.0108799218036663,0.6810377855288225,0.0114273746053027,0.5075676254137041,0.0094977017173201,No,Yes
79,drp-to-admet,2026-08-21 18:09 UTC,Not submitted,Tier 14,0.641242049945121,0.0158351483482944,0.7167040347301017,0.0115581112238901,0.5046760215517808,0.0154002207509773,0.7232551229307649,0.0108690333025443,0.5375206644454864,0.0094617430838654,No,No
80,ChemSpace,2026-09-24 20:41 UTC,Not submitted,Tier 14,0.6438570787763837,0.0163164054448858,0.8645590354636933,0.012632539435989,0.2904083852118594,0.0252613529765377,0.7470176726985569,0.0103833002370554,0.5738835113175015,0.0090122896371209,No,No
81,AngryPochacco,2026-08-25 01:08 UTC,Not submitted,Tier 15,0.6464980554499684,0.0146544772704499,0.8656893929128139,0.0122623289778498,0.3215788740012068,0.0228121151940562,0.6986524336929327,0.0111844951797491,0.5225387004620217,0.0093512492403327,No,No
82,CYP-PI,2026-09-24 10:54 UTC,Not submitted,Tier 15,0.6485044843234452,0.0188298216057729,0.7542474540171978,0.0118707378825757,0.447949708641753,0.0217179614943015,0.7027296746525251,0.0109245190692376,0.5293320145757947,0.0092254984273483,No,No
83,Creme,2026-09-21 11:15 UTC,Not submitted,Tier 15,0.651483402716181,0.0143653316661585,0.8697373037726281,0.0122662484756055,0.3259294024678349,0.0216260027862011,0.6730396898955264,0.0121798579834769,0.4969851871824602,0.0100944951491964,No,No
84,Chic,2026-09-21 13:12 UTC,Not submitted,Tier 15,0.6516281617753543,0.0150147168770576,0.875271057803435,0.0122995947741028,0.3188503577736431,0.022552818441195,0.6858696286740996,0.0119223745292931,0.5077015137453578,0.0100422977513209,No,No
85,set12,2026-09-23 04:19 UTC,Not submitted,Tier 15,0.6526800792082634,0.0156452469578221,0.8658611519316048,0.0124281291657694,0.3004434724118232,0.0241927583278722,0.7195613620557914,0.0109169701957397,0.5490134545672716,0.0093094304289932,No,No
86,Pequod Studio,2026-09-24 20:45 UTC,Not submitted,Tier 15,0.6528822749431741,0.0143414819843971,0.7421055504682601,0.011283894053218,0.4725149414780464,0.0145486504942863,0.6729496227205826,0.0115924555269105,0.4984939139317769,0.0096376353074457,No,No
87,drp-to-admed,2026-08-20 07:54 UTC,Not submitted,Tier 15,0.6577140992405244,0.0161509644840654,0.7104770098277141,0.0113868206025631,0.5153406153895905,0.0155103508417176,0.7255181124451994,0.0107923668344967,0.5413762263454834,0.0095444922628764,No,No
88,lavender,2026-08-21 11:53 UTC,Not submitted,Tier 15,0.6579392415768278,0.013395751403259,0.8116005453215696,0.0109436071699969,0.4262073248308489,0.0144510312820036,0.6881691257184165,0.011300396647775,0.5081302516444935,0.0094734315218169,No,No
89,Cynic,2026-09-23 18:33 UTC,Not submitted,Tier 15,0.6601728582158302,0.014128905180164,0.8814181255172973,0.0120753664660999,0.3131812071049427,0.0216510999528714,0.6845288430904254,0.0119720139529857,0.5069392426460073,0.0099568553649859,No,No
90,newcyp_1,2026-09-24 01:50 UTC,Not submitted,Tier 15,0.6621877444786598,0.0141353279571479,0.876758675528875,0.0120094916666314,0.3143534952778972,0.0220411147777967,0.7090699703589093,0.0112482537476324,0.5350561742394497,0.0095787523219266,No,No
91,Shorku,2026-09-24 21:45 UTC,https://github.com/Shorku/OpenADMET_Blind_Challenge_Predicting_CYP_Inhibition,Tier 16,0.6698890728945147,0.0145281889339209,0.8757482954611179,0.0122535788769715,0.3112031399620536,0.0217268743640802,0.6871716314707498,0.0114371125300032,0.5101864571795449,0.0095036752446521,No,No
92,pico,2026-09-16 01:56 UTC,Not submitted,Tier 16,0.6706275435519381,0.0155492293386356,0.8788055312210046,0.0129171376257145,0.2924070210293129,0.0241911160244113,0.709278628044174,0.0108731824468329,0.5358486640316115,0.0092092661835074,No,No
93,nyxen321,2026-09-14 12:36 UTC,Not submitted,Tier 16,0.6727717528805052,0.0137432032243811,0.8421344286237415,0.0107225274437168,0.3931064069290169,0.0150377584148758,0.692041406744012,0.0114675685585465,0.5175626293417954,0.0096054507253311,No,No
94,CYP Blackberry,2026-09-24 19:54 UTC,Not submitted,Tier 16,0.6745587352043039,0.0145515669722575,0.8941374751432511,0.0126318403730818,0.2800004408829983,0.0227004720897632,0.7309677226801353,0.0109556967668891,0.5519722554556551,0.0095145694013751,No,No
95,lgb,2026-09-23 02:02 UTC,Not submitted,Tier 16,0.6782654672116297,0.0161250817131068,0.8205472557168555,0.0112289425777135,0.4065659398575168,0.0180561191231066,0.6186970843769851,0.0123501405892135,0.4499791420997868,0.0097671747375333,No,No
96,finetuning_fp_desc,2026-09-22 00:23 UTC,Not submitted,Tier 16,0.68136460070169,0.0173007089472748,0.8919944837744929,0.0133968220563731,0.2656078279170361,0.0259675302366213,0.695890996331998,0.0113722096867987,0.5215824366182481,0.0096183794746975,No,No
97,Chocolatine,2026-08-22 12:26 UTC,Not submitted,Tier 16,0.6822584123417117,0.0161013435310779,0.8854590909724156,0.0127235126849408,0.2745017424131734,0.025081177342279,0.7026349799590038,0.0113527918836804,0.5350246342552788,0.0094942002662572,No,No
98,Can,2026-09-12 20:28 UTC,Not submitted,Tier 16,0.6825270231152557,0.0164547593898626,0.8940528766134765,0.0128088971640671,0.2587479680857404,0.0254033529632539,0.7533486718423208,0.0098588597421671,0.5750431418999268,0.0087562041761461,No,No
99,aks,2026-09-23 06:22 UTC,Not submitted,Tier 17,0.6896228611196878,0.015062883564855,0.8949992777505495,0.0125276726484571,0.2741862110480302,0.0236956905089767,0.712688072475669,0.0108651005291154,0.5389219070553208,0.0092661709720849,No,No
100,soriniXM,2026-08-31 16:58 UTC,Not submitted,Tier 17,0.6914982682409184,0.0156869417767499,0.9027260659249698,0.0127318654513,0.2564184177901847,0.0248194260701899,0.7129214220716186,0.0109872977774034,0.5415138814828045,0.0092105582374841,No,No
101,KG-CYP,2026-09-07 09:12 UTC,Not submitted,Tier 17,0.6936201319520836,0.0162475938535072,0.8903520344801565,0.0126173713258419,0.2768914122565867,0.024631444332327,0.7054169973491988,0.0112129966043585,0.5305346002045709,0.0095783457416375,No,No
102,alchemy,2026-09-17 02:11 UTC,Not submitted,Tier 17,0.6977568100662014,0.0161345901716414,0.896037679541847,0.0127132807827208,0.258182781219199,0.025192049064609,0.7277850310791778,0.0103218645222515,0.5488113604932738,0.0089966357714914,No,No
103,leeherman,2026-09-13 14:15 UTC,https://docs.google.com/document/d/1Rhm161zVYxms7FYOXR6zVja5e62jtVTMXY1MXdyTqMM/edit?usp=sharing,Tier 17,0.6985311810700268,0.0167414539010232,0.8920797714381421,0.0128070146479264,0.2713080989777574,0.0251687515278237,0.674657917713217,0.0119755163343577,0.5027787423021731,0.0097795829709174,No,No
104,midnight-alchemist,2026-09-24 05:32 UTC,Not submitted,Tier 17,0.7007609083749601,0.015722677019138,0.9001907930427157,0.0127655205962001,0.253367446845969,0.0241166391508652,0.7126964722513317,0.0103687161918304,0.5359188315550191,0.0087604630338392,No,No
105,popcorn,2026-09-20 09:11 UTC,Not submitted,Tier 17,0.7007680641734515,0.0161928696010572,0.905391869081846,0.0130052560142433,0.2552086061433702,0.0249326714582083,0.6778555544871933,0.0115360609948441,0.5048561870391677,0.0096450757717002,No,No
106,popcorn2,2026-09-23 17:15 UTC,https://github.com/etiu/cyp_challenge,Tier 17,0.7007680641734515,0.0161928696010572,0.905391869081846,0.0130052560142433,0.2552086061433702,0.0249326714582083,0.6778555544871933,0.0115360609948441,0.5048561870391677,0.0096450757717002,No,No
107,lemamach,2026-08-28 09:43 UTC,Not submitted,Tier 18,0.7024876584518115,0.0157779277755784,0.8988160965828897,0.0127932997041646,0.2600499578724011,0.0241834836106904,0.702104357089086,0.0108536481157548,0.5240272184839815,0.0091626161262835,Yes,No
108,CyclinB,2026-09-24 11:49 UTC,Not submitted,Tier 18,0.7050066981700213,0.0154422966307418,0.9049149397935118,0.0124072962796868,0.2552709879081512,0.0241310525143995,0.7117385335479735,0.0107215906513462,0.5386685715538068,0.0090014117538197,No,No
109,qxw138,2026-09-24 02:12 UTC,Not submitted,Tier 18,0.7063037643287751,0.0167963615144506,0.9048144325887528,0.0127347796592908,0.2442712573974322,0.0260488485763766,0.7187383141455941,0.0111510802841377,0.5442292304022268,0.0095606639928323,No,No
110,flogrammer,2026-09-01 21:56 UTC,Not submitted,Tier 18,0.7063712433280114,0.0160880063441513,0.8354661554283219,0.0110494918671771,0.3904354489402205,0.0183107996267501,0.7281978202318858,0.0098963746470302,0.551918201029286,0.0087114361130947,No,No
111,IAB,2026-09-22 03:39 UTC,Not submitted,Tier 18,0.7088684973673276,0.0174374122002107,0.8959531272554039,0.013143497283223,0.2565727467441411,0.0257981414823488,0.6633167406380284,0.0121750535150839,0.4910902435629766,0.0099141878970278,No,No
112,tajfun,2026-09-24 12:46 UTC,Not submitted,Tier 18,0.7106555753253075,0.0158212643769178,0.9005184581783702,0.0125350020823571,0.2713847847658053,0.0239272832277068,0.6835950532727385,0.0118004090988538,0.5100117226597181,0.0099169929300555,No,No
113,Midnight Cowboy,2026-09-24 14:52 UTC,Not submitted,Tier 18,0.7139383826869775,0.0163166015761504,0.9108398310187876,0.0127385515040768,0.2552534316686482,0.023943559436407,0.6865528133105699,0.0118362293800096,0.5284414769357312,0.0099755869471077,No,No
114,mobster,2026-09-20 18:56 UTC,Not submitted,Tier 18,0.715268807658919,0.0157086312131454,0.914992305371798,0.013050104578642,0.2435468661071079,0.0245412163146574,0.7259252667888529,0.0105258589944157,0.5452595993077249,0.0090434126090991,No,No
115,ubiqtuitin,2026-09-13 02:59 UTC,Not submitted,Tier 18,0.716085757480844,0.0113527586128468,0.9091593240958332,0.0116150944121074,0.3152635964944136,0.0139208951651616,0.6341049163648615,0.0120776414536687,0.4608727352782631,0.0095833226942328,No,No
116,CYPSharedGraphs,2026-09-09 12:32 UTC,Not submitted,Tier 19,0.717353065275909,0.0167783673252172,0.9278220462193112,0.0131879378904441,0.2115318450361273,0.0262032844707519,0.7349685664703158,0.0106404112803773,0.5587214978576788,0.009224707809971,No,No
117,wizard_of_cyp_exp8,2026-09-20 07:42 UTC,Not submitted,Tier 19,0.7178987277252302,0.0170531449103076,0.9064532691639974,0.0130511462396282,0.2444444864055315,0.0261251287494893,0.6936322348432525,0.0114303733643669,0.5195803068693742,0.0096190988547211,No,No
118,rxbox1,2026-09-18 17:55 UTC,Not submitted,Tier 19,0.7238880864302261,0.0161600423247821,0.921163166523992,0.0128991108884513,0.2279793462833566,0.0249995790889149,0.7137550581485009,0.0110044445772911,0.5395176191847433,0.0093514785388117,No,No
119,delay,2026-09-20 19:09 UTC,Not submitted,Tier 19,0.7283256884567575,0.0158881730445629,0.9229558787984006,0.0126313550009471,0.2452836932091546,0.024266206960183,0.6735753430046663,0.0121511465469201,0.4980404834089271,0.0101564951630254,No,No
120,dftchemist,2026-09-23 18:02 UTC,v11,Tier 20,0.7353806580974834,0.0164476632622485,0.929932076383737,0.0131019734181225,0.2098082904631882,0.0261647295088694,0.7201983126231676,0.0106810808001059,0.5459784315456268,0.0090818944592781,Yes,No
121,milo-voss,2026-09-06 08:42 UTC,Not submitted,Tier 20,0.7359850630887796,0.0163991551946958,0.9371853221324368,0.0132648033776441,0.2011856058855375,0.0258487421001002,0.7169275481839674,0.0108599055284899,0.5420281785798416,0.0092791911465364,No,No
122,tabicl_moljepa_cyp_no_ft,2026-08-27 13:01 UTC,Not submitted,Tier 20,0.7367806796086063,0.0161963624406914,0.9254795982765968,0.0129075248007252,0.2353996202155124,0.02448050637545,0.6767407163624938,0.0118948730047396,0.500830847102523,0.0098233278224185,No,No
123,Woong,2026-09-15 10:51 UTC,Not submitted,Tier 20,0.7384494552765892,0.0160411590340142,0.9416505112681286,0.0131479530160506,0.197456222959046,0.0253573413572888,0.738422082085304,0.009971114720313,0.557119250455666,0.0086825707579504,No,No
124,autumnZ,2026-09-05 15:52 UTC,CYP-DIRECT-FULL-CP22-ALLASSAY-MS5-ETSTACK-v1,Tier 20,0.7387543314984318,0.0151129815434936,0.9364759034615016,0.012768735416726,0.2253309366080432,0.0240259542016094,0.6776716043957843,0.0118887380045436,0.5046944217676876,0.0099202419987746,No,No
125,baseline_icl_chemprop,2026-08-19 09:04 UTC,Not submitted,Tier 20,0.7417493124849767,0.0169028681104744,0.9243617068981366,0.0133809954196486,0.219419871649073,0.0262009306512744,0.6896051232529898,0.0114955953942299,0.5165489082798143,0.0094999452057565,No,No
126,aries,2026-09-24 08:10 UTC,Not submitted,Tier 20,0.7480885925568097,0.016466834936649,0.909572908020564,0.012226039754978,0.2682012901336632,0.0237490479935228,0.6231503423970649,0.0122051267714737,0.4532690658966181,0.0096903728358673,No,No
127,thinkMolecular,2026-09-23 07:35 UTC,Not submitted,Tier 21,0.7553109287973164,0.0165837307235721,0.9372558159928652,0.0130607404288129,0.2213829989717185,0.0247373091828956,0.6626441698684354,0.0113984305946939,0.4873058168954068,0.0092694850084785,No,No
128,CYP-GNN-19,2026-09-24 16:58 UTC,Not submitted,Tier 21,0.7573979798081071,0.0174435852002816,0.943824282907258,0.0131601509554876,0.2177356772449505,0.025680629048709,0.6436320177840208,0.0130519018160156,0.472379821347726,0.0106660428309732,No,No
129,CYPFormer,2026-09-24 18:38 UTC,Not submitted,Tier 21,0.7601319825492117,0.0198248738217964,0.9315043725914206,0.0134948247435739,0.1901509446116782,0.0295996583308856,0.7289549716185207,0.0108565953400024,0.5480273844725787,0.0094013532245272,Yes,No
130,low-effort,2026-09-18 06:57 UTC,Not submitted,Tier 21,0.7613082023178028,0.0167595407214831,0.9411483118907584,0.0130242474781742,0.2008368132462498,0.0255870036654816,0.6590013898473727,0.0121492890956605,0.488012116999775,0.010004027310462,No,No
131,Chemical Dilettante,2026-09-24 23:35 UTC,Not submitted,Tier 21,0.7620146235262882,0.0153221381188233,0.952529810456342,0.0127235662640036,0.2050279455362603,0.024089573515429,0.6621472620372507,0.0119840161526439,0.4909272589041089,0.0098063373214966,No,No
132,CheMeleon-baseline,2026-08-13 04:21 UTC,Not submitted,Tier 21,0.7710225982339461,0.0193769659879038,0.9537667548831698,0.0139889673844441,0.1705191678566224,0.0286945228071151,0.6510476700922718,0.0123467135654908,0.4791374895548386,0.0102136591288664,No,No
133,chemfm-baseline,2026-08-25 23:58 UTC,Not submitted,Tier 21,0.7717490918688645,0.0174764580618496,0.9444268337676618,0.0136485950279444,0.1878269055642287,0.0269311013061393,0.647878130310995,0.0123412859860871,0.4764027733236645,0.0100496422968528,No,No
134,pola,2026-09-10 07:12 UTC,Not submitted,Tier 22,0.7751914068948326,0.0171085228514397,0.961956883999686,0.0132612308118167,0.1690892798934121,0.0266070660867872,0.6853069102119878,0.0113402215429886,0.5072868446442103,0.0095142613614944,No,No
135,shoppers,2026-08-31 17:58 UTC,Not submitted,Tier 22,0.7798876031205204,0.0155324808018946,0.9528220839222028,0.0134292861790717,0.1888500497700213,0.0245113251734033,0.6509625479766532,0.012327788057533,0.4761028957263298,0.0099399794462187,No,No
136,hyc,2026-09-23 12:18 UTC,Not submitted,Tier 22,0.7817554666618447,0.0175765514261324,0.9530586320297436,0.0133062595617212,0.1834552157135686,0.0270772147904242,0.6456678296438283,0.0126371103485476,0.4715078382524631,0.0102111361250215,No,No
137,molairity,2026-09-21 17:06 UTC,chemprop-multitask,Tier 22,0.7823460610591119,0.0131636964446612,0.9547736256506844,0.0115576385172157,0.245747379235457,0.0181544464468992,0.7036845269649412,0.0108351066883138,0.5224660225309341,0.0092109182880264,No,No
138,levi_12,2026-09-12 10:29 UTC,Not submitted,Tier 22,0.7885627048360745,0.0181342171089164,0.9614101469842616,0.0130600123872397,0.181882103465268,0.0272033468762426,0.6372830984687088,0.0126752901599318,0.4676674444586907,0.0102466549767891,No,No
139,avaliev,2026-08-22 17:46 UTC,Not submitted,Tier 23,0.7903057541270666,0.0162840626645834,0.9693715601904008,0.013036876566096,0.1711262068827322,0.0254634027587655,0.6585468586900206,0.0120225874025491,0.4866408242035064,0.0098188536123771,No,No
140,niteesh2799,2026-09-23 11:43 UTC,Not submitted,Tier 23,0.7934390215450218,0.0177886145693541,0.96205720525985,0.0130491724826519,0.1764559535087398,0.0269508984286021,0.6551002140708798,0.0123542198870793,0.483279358618872,0.0100754992492942,No,No
141,ppsqq,2026-09-14 09:42 UTC,Not submitted,Tier 23,0.7934399190323335,0.0170440353242954,0.9673523771056318,0.0132688086590472,0.1614199854036892,0.0265992765875061,0.686461255102788,0.0116198531968466,0.5077613212160792,0.0096670773281124,No,No
142,ademmanlincoln07,2026-09-20 11:49 UTC,https://github.com/AdemolaTolulope/cyp-inhibition-profiler,Tier 23,0.7936483912770712,0.0171091385213693,0.96622048434805,0.0130839431149576,0.1733212326284749,0.0263136164375226,0.636870440535139,0.0125202416200245,0.4666627443278899,0.0100947280094952,No,Yes
143,fc3b81d3,2026-09-21 04:23 UTC,Not submitted,Tier 23,0.799839763096666,0.015742258948009,0.973130601044717,0.0126672706198646,0.1689607669857097,0.0239944373405624,0.6357069191717519,0.0120652118505527,0.4637894670591103,0.0097029044919716,No,No
144,RedPanda,2026-09-24 02:33 UTC,Not submitted,Tier 23,0.8005034165016348,0.0180081370287813,0.9832192511242288,0.0137673140468442,0.1220064464308752,0.0284861033139318,0.7168529824400858,0.0108563888565933,0.54150260217933,0.0092885823627793,Yes,No
145,mahmed,2026-08-31 17:17 UTC,Not submitted,Tier 23,0.8005169620896679,0.0157771574231418,0.9827701174805886,0.0131600123275399,0.1626162095465211,0.0248262366983514,0.6557981811851042,0.0123431860751435,0.4829984794252476,0.0101779208095606,No,No
146,Goodnight,2026-09-24 20:13 UTC,Not submitted,Tier 23,0.8020312706958912,0.0175315589830575,0.9757647425385516,0.0132827335048405,0.1612637520886108,0.0268127042538434,0.648744483752403,0.0124735649048479,0.4769676946375367,0.010155446895743,No,No
147,Liris,2026-09-14 16:54 UTC,Not submitted,Tier 24,0.8097193181426109,0.0171943161342092,0.9812377737039902,0.0134820350274993,0.1362929831260576,0.0268968181481868,0.681855674183178,0.0113238565185828,0.5044852616942314,0.0094739094379961,No,No
148,SoriniX,2026-09-02 16:46 UTC,Not submitted,Tier 24,0.8105787947964644,0.016484247423859,0.9756050457077178,0.0130928327122279,0.1632518448947693,0.025368312603935,0.6418537368968891,0.0121924934877544,0.4679977051627991,0.0099121455462999,No,No
149,MLearner,2026-09-22 07:57 UTC,Not submitted,Tier 24,0.8163298217950112,0.0168504442293641,0.9784373385996332,0.0130395831077246,0.1640970887098007,0.0253926870345087,0.6440474194287562,0.0121715655768572,0.4700773754325136,0.0099166440672553,No,No
150,AL,2026-09-24 10:31 UTC,Not submitted,Tier 24,0.8182703216040289,0.0161247086813211,0.991714713199326,0.0134531684457536,0.124730006263135,0.0254015860509854,0.6612128518303177,0.0113158171438443,0.4826682986849097,0.009274349887159,No,No
151,lbgm fortune,2026-09-24 03:16 UTC,Not submitted,Tier 24,0.8206852040054071,0.0164760994707104,0.9885314283768946,0.0132140020651207,0.1488076866141213,0.0251862357030042,0.6507375983486873,0.0124247899537189,0.4759367333844604,0.0101231220340534,No,No
152,coolbeans,2026-09-24 20:06 UTC,Not submitted,Tier 25,0.8219699240447328,0.0163336934164099,0.991351892926363,0.0133999536376512,0.133635051861969,0.0255717393019135,0.6343929016473555,0.0124671571299283,0.4655886860700611,0.0100556977770641,No,No
153,ahmed-blh,2026-08-27 08:34 UTC,Not submitted,Tier 25,0.8225549022378834,0.017504133716464,0.9888296680018952,0.0138646166231764,0.1398863667511785,0.0267124399466356,0.6169655768323629,0.0132520320556399,0.4456696561636061,0.0105941146171389,No,No
154,Diablo II,2026-09-16 00:31 UTC,Not submitted,Tier 25,0.8241572235073632,0.0161948078206773,0.9998114292050811,0.0136190588939918,0.1067420138833687,0.0257196172112031,0.6548819785120158,0.0116828115703847,0.4770523462620748,0.0095452341713307,No,No
155,tobi,2026-09-24 23:13 UTC,Not submitted,Tier 25,0.8254589938152609,0.019506725997515,0.9939869113489715,0.0136857264126814,0.1051034150702458,0.0300222360306863,0.6682336844136624,0.0117708273284887,0.4948467048862787,0.0098213966920071,No,No
156,LGBM-baseline,2026-08-13 04:21 UTC,Not submitted,Tier 25,0.8335588376046054,0.0182097172151617,0.9887152219783586,0.0136327164754126,0.1395370131071893,0.0273330103410167,0.6056583492885786,0.0127609395083418,0.4384705054980881,0.0100914166643362,No,No
157,cartography,2026-09-18 14:27 UTC,Not submitted,Tier 25,0.8353222900323211,0.017372375156922,1.000244776078009,0.0138369871420853,0.1092481407332504,0.027068711569186,0.639728618961316,0.0120758493368531,0.4631734417460905,0.0096623567121918,No,No
158,tipr,2026-09-16 06:07 UTC,Not submitted,Tier 25,0.8355293844809104,0.0186438253496763,0.99722423231082,0.013137722312063,0.1326420272881405,0.0278379378740639,0.6644335078568508,0.0126118686253994,0.4876785081657733,0.0103606484296999,No,No
159,Kutoynash,2026-09-15 17:40 UTC,Not submitted,Tier 25,0.8363974533337813,0.0186243246116327,1.0068478928743172,0.0140733500466089,0.1006176302503373,0.0287571070484726,0.652158109793904,0.0124464235858804,0.4810008184606898,0.0102729902426348,No,No
160,mol-architect,2026-08-24 19:27 UTC,Not submitted,Tier 26,0.8404962140551862,0.0167611599767699,1.008777398292957,0.0136688818459494,0.1070761556126626,0.0259590073292598,0.6388746841820133,0.0122942630407488,0.4642866478723234,0.0099540152676183,No,No
161,cpvx,2026-09-24 07:17 UTC,Not submitted,Tier 26,0.8427254194297327,0.01912534772387,1.0048580459902583,0.013881853588105,0.0988588410043641,0.029426114328354,0.6164115435586347,0.0135195756319171,0.4507542135101056,0.010865770717642,No,No
162,Leo,2026-09-22 05:38 UTC,Not submitted,Tier 26,0.8427783547961956,0.0173717857686849,1.0131022305529702,0.0138932865554539,0.0922814296768003,0.0274839385309616,0.6506739691468321,0.0121760936921005,0.477625915502467,0.0099224062239519,No,No
163,bioai96,2026-08-24 14:40 UTC,Not submitted,Tier 26,0.8442077169958618,0.0186974115397653,1.0168035649555234,0.0142866390301224,0.0740646521499786,0.029047934159226,0.6443503700334755,0.0122741637277612,0.4723151540787704,0.0099642933817795,No,No
164,XGB-baseline,2026-08-13 04:21 UTC,Not submitted,Tier 26,0.8446113730242012,0.0182379069048532,0.997052923581737,0.0137106560401128,0.1240308428542829,0.0274555395846643,0.6000092493818832,0.0127181227377167,0.4357919502206523,0.0099984415265841,No,No
165,VMBB1,2026-08-26 17:45 UTC,Not submitted,Tier 26,0.8462149419409462,0.0178429900236932,1.0024824043010343,0.0133712400911129,0.1161954498430434,0.027502833253233,0.6064418144380387,0.0132913377240245,0.4414401236257785,0.0105494410521663,No,No
166,LianQ,2026-09-15 08:30 UTC,Not submitted,Tier 26,0.8468820006449976,0.0170969890267941,1.013781689922271,0.013924006567936,0.0885075670641631,0.0265393034948517,0.6259915756738128,0.0125984554714484,0.4519618595641941,0.0100529679822979,No,No
167,915Q,2026-09-15 16:21 UTC,Not submitted,Tier 26,0.8488803198381798,0.0171866210059008,1.0178877445834864,0.0138656066023141,0.080665861029451,0.0273860996151886,0.6837884092754644,0.011354430457546,0.5046767881523964,0.0094638153150068,No,No
168,rogerbyrne,2026-09-01 09:39 UTC,Not submitted,Tier 26,0.8489342291685922,0.0173248930865177,1.0096801552063643,0.0133167379019909,0.1068682189065573,0.0270789753200142,0.6022424144043591,0.0132019491655102,0.4336837986577603,0.0103211004445828,No,No
169,siryu.ai,2026-09-20 23:32 UTC,Not submitted,Tier 26,0.8492269257807922,0.017212225720646,1.0119122400544098,0.0136355243740425,0.109037364587053,0.0264635296367864,0.6302270824454129,0.012491985248141,0.4599586652422244,0.0101016030823388,No,No
170,sub-reg-1,2026-08-24 15:27 UTC,Not submitted,Tier 26,0.8508084586000122,0.0184851525288441,1.017779381813371,0.0142331905382436,0.0786977026508577,0.0289734276491685,0.6222577838854515,0.0132286411280468,0.4556087997351594,0.0106586575591994,No,No
171,set21,2026-09-22 04:33 UTC,Not submitted,Tier 26,0.8539093999910502,0.0188326557646072,1.0086891963095803,0.0138890019940627,0.0969132950280462,0.0292339568430661,0.6380915698146087,0.0130657170364869,0.4690030478676824,0.0105383760350499,No,No
172,Lin,2026-09-19 05:59 UTC,Not submitted,Tier 26,0.8541194385901719,0.0185296659858136,1.024896319857728,0.014606717121929,0.0461539260274543,0.0292666520894728,0.6623994025493996,0.011868715011524,0.4887583001411681,0.0097013006946766,No,No
173,KNIMEST,2026-09-20 15:49 UTC,chemeleon_v1,Tier 27,0.8560543387861778,0.0166984041767184,1.0128273421689105,0.0136204692386366,0.1102309732183107,0.0254892941096181,0.5876413599698971,0.0131577620875037,0.4201881346162426,0.0103538243314151,No,No
174,glhf,2026-09-05 02:10 UTC,Not submitted,Tier 27,0.8576945469696619,0.0177662872273825,1.0152083397713427,0.0138760045971011,0.085335816548935,0.0273310500913796,0.654987246635003,0.0124079611588018,0.4758636434035339,0.0101187402016089,No,No
175,tnt1234,2026-08-23 19:59 UTC,Not submitted,Tier 27,0.8606973831596914,0.0178888364052833,1.0088003823400522,0.0137209802358814,0.0905537100865187,0.0274974513396607,0.63504375984787,0.0125223975671477,0.4608270629378376,0.0101025858626639,No,No
176,caithmac,2026-08-24 06:07 UTC,Not submitted,Tier 27,0.8629782960342249,0.0170680666041377,1.0176245068766985,0.0134839117714843,0.086347945884348,0.026864814327903,0.6210087170062811,0.0127075398734284,0.4512990586792627,0.0100878170911139,No,No
177,Waz-Dogz9000,2026-09-18 20:37 UTC,https://github.com/repowazdogz-droid/omega-openadmet-cyp-challenge,Tier 27,0.8632497359969251,0.0201601013669884,1.0210922519790973,0.0141979127076985,0.0617761773194149,0.0308207092131329,0.6590546436261958,0.0121155137001833,0.4845887046242787,0.0099101873257132,No,Yes
178,MM-2026,2026-08-27 19:34 UTC,Not submitted,Tier 27,0.8671033489777552,0.0179993700976967,1.0166854102862983,0.0138286581893207,0.0778038055797536,0.0277512955406457,0.6481336041539172,0.012205061089903,0.4713829014846091,0.0099297978882644,No,No
179,ojas,2026-09-18 05:48 UTC,Not submitted,Tier 27,0.8687794046892031,0.0208448717942744,0.9800597912344494,0.0147210299544707,0.1240656979952547,0.0301472220325156,0.5641526077353278,0.0148385710992963,0.4063542502618015,0.0113606814309438,No,No
180,intrinsically-disordered,2026-08-27 13:26 UTC,Not submitted,Tier 27,0.8689323782879912,0.0170096476683612,1.0210860362075906,0.0134684471732804,0.0882673879163565,0.0258129390334942,0.5951047161007363,0.0125494085461906,0.4242511467955246,0.0098191701121866,No,No
181,SLP-JJ2,2026-09-24 21:06 UTC,Not submitted,Tier 27,0.8698267693326038,0.0169268498837239,1.0079038530224258,0.0134587287888872,0.0997680279432183,0.0253449527835817,0.5700265318724169,0.0129919841734575,0.4086429036829659,0.0100544372842209,No,No
182,Pairs?,2026-09-10 21:06 UTC,Not submitted,Tier 27,0.8734406846430308,0.019350603028975,1.0216215183623565,0.0140691221619369,0.0750388302731579,0.0307135969075377,0.5786521443282777,0.0132443531394612,0.4189839125505487,0.0101629910799172,No,No
183,Swathi007,2026-09-21 05:20 UTC,Not submitted,Tier 27,0.8742485806454651,0.0205871751666452,0.984408400434388,0.0145721277166708,0.1178035887826685,0.0298227430525723,0.5582503447571141,0.0149256890957317,0.4011996644822105,0.011345934703443,No,No
184,NIPERKOLKATA_PI_LAB,2026-09-24 10:38 UTC,Not submitted,Tier 28,0.880410719702243,0.0180372814979603,1.0231802357364546,0.0135789627462231,0.0772456485958042,0.0269602939700737,0.5965849450959475,0.0129300409316468,0.4273600548576594,0.0102222255496741,No,No
185,nkwork,2026-08-29 10:47 UTC,https://github.com/nkwork9999/mollibra-challenges/blob/main/reports/openadmet_method.md,Tier 28,0.8808916378964652,0.0166226321865017,1.0386317376053478,0.0137124894979069,0.0691579712219906,0.0261036284547196,0.580742381752276,0.0133881523536775,0.4142381874270538,0.0104776921308862,No,Yes
186,srkarra,2026-08-20 16:59 UTC,Not submitted,Tier 28,0.8820035666880744,0.0183196012419918,1.0211041563690584,0.0136899632100284,0.0906030312807988,0.0273993902136521,0.575930869463414,0.0131311801945148,0.4108179360531715,0.0102168430111451,No,No
187,warrior,2026-09-23 13:17 UTC,Not submitted,Tier 28,0.8868071919648775,0.0185202910650999,1.0406975225951498,0.014245247994722,0.0529889053114853,0.0283680039212353,0.6054940592775127,0.0131819684135617,0.436432028050323,0.0104928771665338,No,No
188,AffinityNet1,2026-09-17 10:19 UTC,Not submitted,Tier 28,0.8869724508317847,0.0163079983451726,1.029827939018016,0.0136321248323196,0.0732440954082964,0.0251289437660552,0.5840821000009854,0.013156274707885,0.4168824567897851,0.0103047202805856,No,No
189,Jackson Yamvwa,2026-09-22 20:38 UTC,https://github.com/Jackson-yamvwa/DrugDiscovery-Py/blob/main/openadmet-cyp-challenge%2FMETHOD_REPORT.md,Tier 28,0.8872648665769696,0.0182682526410223,1.0354405448757615,0.0140569389727214,0.0464681901323876,0.0285811348346858,0.6421977941870507,0.0125728816044186,0.4672047377233338,0.010194779564373,No,Yes
190,cypcyp,2026-09-24 22:20 UTC,Not submitted,Tier 28,0.8880893121789113,0.0184265683412282,1.0370540976744742,0.0141253718315994,0.0377830103986248,0.0290711849249775,0.6359449080961067,0.0124380050625359,0.4613679754080732,0.0100294136101308,No,No
191,splicedAffinity,2026-09-18 15:02 UTC,Not submitted,Tier 28,0.8932008228653286,0.0165568919164619,1.0354083862624175,0.0135673286580372,0.0683093162746238,0.0252712446944668,0.5862348298666485,0.0132755600719066,0.4172206141881383,0.0104138293038014,No,No
192,pramdhan1,2026-08-23 18:21 UTC,Not submitted,Tier 29,0.9077445107788712,0.016485045574347,1.054092842954344,0.0134289477566226,0.0452689971974834,0.0260138709084482,0.642487971485382,0.0126582960567933,0.4694756026618804,0.0101103602524468,No,No
193,Bhuvana,2026-09-21 14:06 UTC,Not submitted,Tier 29,0.9100319660399137,0.0172851112306205,1.0585502227527548,0.0138310324803235,0.0374713024319445,0.0272932053170879,0.5339177768456029,0.015319016709954,0.3773042537753473,0.0115601892624681,No,No
194,cyp-happens,2026-08-25 20:45 UTC,Not submitted,Tier 29,0.9108763449647534,0.0179130239319137,1.0465335793617772,0.0137073512496359,0.0484148284356642,0.0271445802084941,0.5763258321263437,0.0133085701275738,0.4118281185232795,0.0104632152362027,No,No
195,Qaq,2026-09-16 10:10 UTC,Not submitted,Tier 29,0.9124140685860972,0.01808841391123,1.0500693982702711,0.0134584771786717,0.0458050155967747,0.0277145258053891,0.5860119315989624,0.0134097539975049,0.4236117013592399,0.010599644899175,No,No
196,ulcompute,2026-08-26 23:06 UTC,Not submitted,Tier 29,0.9139442957572652,0.0189952989214105,1.038000238183218,0.0139047735439177,0.0451487563997065,0.0286229717700645,0.5137724464060798,0.0101061598820376,0.371899686271726,0.0085889265140102,No,No
197,CYPCompass,2026-09-15 00:59 UTC,Not submitted,Tier 29,0.9142526032389144,0.018132158684252,1.05141740441177,0.0138896839008587,0.0294894217543357,0.0279646763703367,0.6179880770384735,0.0128463345508051,0.4463929161469554,0.0102421100656441,No,No
198,yuan3,2026-09-18 14:45 UTC,Not submitted,Tier 30,0.930919516724358,0.0170012882103346,1.0592369780721596,0.0129686597366595,0.0623984021047801,0.0252999576390182,0.6025962358706887,0.0141457461694567,0.4375441248571227,0.0112021395495945,No,No
199,yuan1,2026-09-18 12:37 UTC,Not submitted,Tier 30,0.9320413080585248,0.017288264097649,1.062672943852403,0.0131349975119052,0.0516874584577316,0.0259300826311055,0.5891845301172615,0.014684700730537,0.4255563839665837,0.0115045553592042,Yes,No
200,CompChem Magicano,2026-09-22 03:59 UTC,Not submitted,Tier 30,0.9356324285525042,0.0185159877069927,1.069104370914344,0.0143318302267051,-0.0097870466343999,0.0288554883847311,0.6335835040898912,0.0125713454535413,0.4575856981794468,0.0101166994222591,No,No
201,SoftMachine,2026-09-15 10:11 UTC,https://github.com/acnash/Strange-Matter-Engine/blob/main/results/production_genetic_programming_graph_ca_cyp3a4_v1/GP-CIA-EA-CV-CYP-GCA_METHOD.md,Tier 30,0.9363006418171396,0.0169139191052677,1.064105254502206,0.0139573264240212,0.0137216332133222,0.0264689901973565,0.5460346382762569,0.0129454813350863,0.3868194988349192,0.0099472286219511,No,Yes
202,wfondrie,2026-09-10 23:44 UTC,Not submitted,Tier 30,0.9407337879733844,0.0175854439458998,1.0764576658928109,0.0139095088260578,0.0083398604734241,0.0266124877307313,0.5443376355255072,0.0145901812256609,0.3874941230948305,0.0112530730278737,Yes,No
203,dengxm,2026-09-03 07:54 UTC,Not submitted,Tier 30,0.9440246867832006,0.0178299367440153,1.0881342647328736,0.0140672074965388,-0.0197549863113009,0.0280783911264612,0.5959215372654401,0.0137037419320935,0.4253987577597672,0.0108007868239072,No,No
204,Shruti202,2026-09-14 14:30 UTC,Not submitted,Tier 30,0.9468818025617975,0.0177063061785339,1.0839529963036492,0.0144882676595754,-0.0203172038231946,0.0282708787231957,0.5525356625493536,0.0150462957475978,0.3903921419848216,0.0113672097966106,No,No
205,HemeCompass2026,2026-09-04 05:07 UTC,Not submitted,Tier 30,0.9525158840094248,0.0201702046359421,1.100797966280127,0.0159650895515121,-0.0833575026680788,0.0323784440506246,0.6228859887210793,0.0135309467990042,0.4537178472392559,0.0108469030304398,No,No
206,NewBees,2026-09-20 21:34 UTC,Not submitted,Tier 31,0.9872015032896329,0.0174235831347634,1.1077125923908575,0.0142269841750831,-0.0460859028358179,0.0268525904184915,0.5415261325177645,0.0136133864564683,0.3807005931668651,0.010490615481487,No,No
207,curiouswavefn,2026-09-24 04:06 UTC,https://github.com/ajogalekar/openadmet-cyp-challenge/blob/main/METHODS.md,Tier 32,1.0132330423596845,0.0178959636211724,1.120902785651308,0.0140966240933142,-0.0760331445790569,0.0271042877453553,0.4568935065352972,0.0149836171350217,0.319933277018839,0.0110021365358856,No,Yes
208,HBI,2026-09-20 01:01 UTC,https://huggingface.co/buildingpeps/hbi-cyp-challenge-v2,Tier 33,1.0529669411828253,0.0188921266871816,1.1523190120244895,0.0143450270293418,-0.1311939362342623,0.0287447595575915,0.4394637949180812,0.0151265525199549,0.3072835416156443,0.010907190722214,No,No
209,BUAIS Comp Bio Team,2026-09-08 03:20 UTC,Not submitted,Tier 33,1.0531826457302471,0.0198710416321964,1.133937846829819,0.0146481390235121,-0.1132851053586496,0.0303725724494756,0.4621987271321028,0.0148403341767609,0.3371359543061668,0.0114581741018584,No,No
210,yuan,2026-09-18 11:55 UTC,Not submitted,Tier 33,1.0677600748896812,0.0189275677065905,1.1535532878134076,0.0137879133629121,-0.0964744335233515,0.0282861502426152,0.4843786087223002,0.0159813051158079,0.3391877100921411,0.0117472358626327,No,No
211,dargason,2026-08-21 13:18 UTC,https://admet-cyp.aetherark.com/regression-submissions.html,Tier 34,1.0983852429465333,0.0191621636520851,1.189510831317062,0.014437686617911,-0.1699013780860056,0.0295210777561218,0.445009266293967,0.0167365979897685,0.3088731795579544,0.0122629240081946,No,Yes
212,cyp450_reg,2026-09-24 07:13 UTC,Not submitted,Tier 35,1.157053845603262,0.0281440224067805,1.2283942183317438,0.017695678801045,-0.3664369458379728,0.0461921464413728,0.4966316701218958,0.0147694270630491,0.3500706808193116,0.0111555801306381,No,No
213,cyp450_TDI,2026-09-24 08:31 UTC,Not submitted,Tier 36,1.1899649206798275,0.0294387797371862,1.247851239842316,0.0177100478539809,-0.4217131472323145,0.0486757829430163,0.469403118923153,0.0135742167267373,0.3317935578296655,0.010158393063732,No,No
214,csnbritt,2026-08-26 19:44 UTC,Not submitted,Tier 36,1.2237591382186366,0.0233792342175752,1.260434397257825,0.0149175616005187,-0.3309414583974982,0.0363366482002696,0.4842421764329159,0.0150597228112665,0.3391864516495404,0.0112084512076485,No,No
215,Safi,2026-09-24 05:38 UTC,Not submitted,Tier 37,1.2543216427474022,0.0219586219545807,1.3011408437982046,0.0178357080678693,-0.4566060780259672,0.0363625983457738,-0.0624741256540477,0.0195317158558573,-0.047597644408861,0.0146287656179045,No,No
216,srikruthi12,2026-08-29 05:19 UTC,Not submitted,Tier 38,1.6599542438583796,0.0466230550021729,1.5021259796417386,0.0187782462107694,-1.6653756794176289,0.1193531279902236,0.4958236292929944,0.0139788416095137,0.3656446767020701,0.010988316684683,No,No
217,GokulS2k,2026-09-23 16:32 UTC,Not submitted,Tier 39,2.114343372899128,0.0461516629686442,1.9153010725143131,0.015452697603312,-1.8465245374574055,0.0962729597814614,0.685717060188643,0.0117782073363766,0.5070855354850133,0.0098243693979568,No,No
218,KAI,2026-09-24 16:35 UTC,Not submitted,Tier 40,3.820647688057688,0.0836718986060663,2.999779191711424,0.0225615557164489,-4.772974480938329,0.1633923403796804,0.5558697839679864,0.0143884686935157,0.3949731092153521,0.0111322515481015,No,No
219,swa,2026-09-17 10:17 UTC,Not submitted,Tier 41,3115.3041077384646,107.01241657538228,1890.596412598544,38.62197744116325,-8619971.835510947,403664.9064011224,0.2853005099735791,0.0170210756543065,0.211552194166036,0.0117892396761055,No,No
