Rank,Username,Submitted,Model Report Link,MA-ST-RAE,MA-ST-RAE std,MA-MAE,MA-MAE std,MA-R²,MA-R² std,MA-Spearman's ρ,MA-Spearman's ρ std,MA-Kendall's τ,MA-Kendall's τ std,Proprietary Data,Open Code
1,preheat-to-450,2026-09-23 16:31 UTC,Not submitted,0.3699509352279373,0.0144262753118555,0.5939352953539628,0.0116327602286179,0.6618885739865807,0.0166278381453875,0.7874760949623749,0.0135346365400709,0.6130795482471822,0.0124443562198772,No,No
2,wbot,2026-09-23 07:45 UTC,Not submitted,0.3805190617678501,0.0146389705354829,0.6094081860225056,0.0119380417130031,0.638423145068912,0.0181999171165683,0.7746022505027941,0.0139088553288746,0.5991757646706279,0.0126027472983899,No,No
3,testcyp,2026-09-21 03:58 UTC,Not submitted,0.3891269291454655,0.0150363301665008,0.5608068850766386,0.0122347764988012,0.6774683359282411,0.0160463523688242,0.78380935770431,0.0132629013241315,0.6082594319713253,0.0119369960827252,No,No
4,Rubyy,2026-09-23 09:13 UTC,Not submitted,0.3985395308682309,0.0151145656366238,0.630879123398922,0.0121772100606079,0.6163970256353932,0.0198801109361956,0.778076724035929,0.0132726675844454,0.6031555069170895,0.0119274193639639,No,No
5,EleanorRigby,2026-09-23 02:41 UTC,Not submitted,0.4138904316372355,0.015470213734793,0.6509543292965434,0.0121627810892465,0.6006599104852695,0.0189541506045877,0.7721185304873444,0.0137503127362601,0.5961506032288361,0.0126120511958604,No,No
6,furtivepeony,2026-09-10 01:30 UTC,Not submitted,0.4300849948935219,0.0169636369836357,0.6272812069449296,0.012283316718761,0.6268619015349097,0.018329093787392,0.762598770014313,0.0136527271926869,0.585824388342123,0.0121938523970784,No,No
7,leebrubeck,2026-09-14 18:38 UTC,Not submitted,0.4315222258176653,0.0168853573117376,0.6180041667499808,0.0121749728989695,0.63307346233006,0.0178600079056714,0.7604342467849474,0.0142001296503238,0.5801572073151904,0.0128285658545435,No,No
8,curiousone,2026-09-16 05:35 UTC,Not submitted,0.4360795706832971,0.0169066020078832,0.6306179519928253,0.0123354845995204,0.6183250545307862,0.0189662252612562,0.7569669895753921,0.0139982480425953,0.5815678098535199,0.0125059144268439,No,No
9,first-chair,2026-09-14 17:51 UTC,Not submitted,0.4367337107761971,0.0171045005917798,0.6279354472858522,0.0124197430566689,0.6265810670435782,0.0177991597429658,0.7548255470655832,0.0144650678720446,0.5750423526343199,0.012946701069731,No,No
10,hfger,2026-09-23 04:53 UTC,https://supercowpowers.github.io/workbench/blogs/cyp_challenge/,0.4374204967164824,0.0171855776056096,0.6293984184155682,0.0123840554783912,0.6199753521820528,0.0190480269210504,0.7503551148150726,0.0144544988181614,0.575402595472505,0.0128008532882227,No,Yes
11,briford,2026-08-30 15:14 UTC,https://supercowpowers.github.io/workbench/blogs/cyp_challenge/,0.4377997714479094,0.0175100750282699,0.6331430020143404,0.0123448302180709,0.6181047184289781,0.0195842347797753,0.7515780014272241,0.0141889587858892,0.5748346390820729,0.0126014570404372,No,Yes
12,hf-far,2026-09-02 19:55 UTC,Not submitted,0.4418982254864425,0.0163937564639803,0.6638431057135573,0.0125833210524224,0.5821229064100854,0.0206922289411507,0.7525213892594045,0.014083767554129,0.5746984279881925,0.012579376916296,No,No
13,Scigantic,2026-09-21 17:57 UTC,Not submitted,0.4426346712372487,0.0158574599031955,0.6498387189600695,0.0121150362478169,0.6052050073464793,0.0171877850214146,0.7587202392874166,0.014079339385024,0.5805694827623756,0.0125587884474526,No,No
14,horse-pusher,2026-09-23 03:39 UTC,Not submitted,0.4428132424996011,0.0164381927342136,0.6631173137131516,0.0123730671726761,0.5854235661335581,0.0209044892509125,0.7522283668674181,0.0139901557371905,0.577751281035913,0.0122588130501069,No,No
15,C_CYPher-cypext-B1cal-restore,2026-09-14 13:52 UTC,Not submitted,0.442814306933192,0.0167839940250954,0.6281022286593625,0.0121830955778121,0.623157056653195,0.0172633495882053,0.7629338256804145,0.0135531007198865,0.5822559423538239,0.0123439823053498,No,No
16,whippoorwill,2026-09-23 09:40 UTC,Not submitted,0.4437608812708034,0.0173584201248222,0.5549583772507031,0.0130104816957614,0.6670575972164844,0.0166336215776273,0.7687127691396505,0.0138594054093309,0.5928123977690013,0.0123678413956361,No,No
17,random-forest,2026-09-22 12:47 UTC,Not submitted,0.4470139372947828,0.0173331065474325,0.6409110402617217,0.0123746081860131,0.6109132926855516,0.0194545442362918,0.7507091239748902,0.014251976179145,0.574271246627065,0.0126349714517021,No,No
18,ADMETForge,2026-09-22 12:33 UTC,Not submitted,0.4475780353347718,0.0174304168991036,0.6252186244149837,0.0126996461633668,0.6209774978038106,0.0186094157795155,0.7569446915393482,0.0138506772345448,0.578893588674481,0.0124749722121096,No,No
19,stir_bar,2026-09-23 10:58 UTC,Not submitted,0.4497571417611437,0.0144082653628334,0.680334508096925,0.0121575817979468,0.5668515626594762,0.0202411154702454,0.7573467649948313,0.0140479644711158,0.5818129782548802,0.0123385516567309,No,No
20,CYPext-x-endpt-tag,2026-09-23 09:22 UTC,Not submitted,0.4558451933865052,0.0148858927760737,0.6666788775168144,0.0121140367509228,0.5930950412509464,0.0167140098710627,0.7593720882897382,0.0137725483569887,0.5826400026143382,0.0123577024673485,No,No
21,lex,2026-09-16 07:27 UTC,Not submitted,0.4608759176659897,0.0179633258810033,0.6465548649598587,0.0129226065060486,0.6006788585063203,0.0199913144812518,0.7404627204644477,0.0145734691931715,0.5645402186440164,0.0128506191538194,No,No
22,Ligand Pro,2026-09-21 10:57 UTC,Not submitted,0.4651343524135751,0.0178131381201045,0.6510641592465384,0.0126185777877882,0.5937015599503624,0.0200859772212953,0.730765924401823,0.0152276433031209,0.5552265012696571,0.0132047241760474,No,No
23,Tutu,2026-09-23 18:14 UTC,Not submitted,0.4682761144571283,0.014872924183526,0.654662014336167,0.0125023838795505,0.585588090200589,0.0162797439676148,0.747817069618384,0.0145065393317529,0.5673805009908073,0.0130929705078321,No,No
24,samsung,2026-09-14 07:57 UTC,Not submitted,0.4703428135401043,0.0177204771759937,0.6472507059049,0.0131386401794838,0.5844233057249097,0.0204651157710306,0.7332955782534838,0.0145444606361966,0.5565643069349034,0.0128033578213286,No,No
25,huangzx,2026-09-04 06:20 UTC,Not submitted,0.4722661367766061,0.0168358336088017,0.6758855399141385,0.0127958845843277,0.5676437146017528,0.020140128294658,0.7402460491945413,0.0147614504818991,0.5581055847851654,0.0129804970079096,No,No
26,JSHCF,2026-09-23 14:49 UTC,Not submitted,0.4748692776057736,0.0165874482149674,0.6781719411852831,0.0130117387313781,0.5642860169548987,0.0201910622359956,0.7372748390152744,0.0153605967189892,0.558081176396994,0.0133817184664925,No,No
27,tguttenb1,2026-09-23 05:42 UTC,Not submitted,0.4749150637165956,0.0174271206809708,0.6662531647989398,0.0127865443137673,0.576131994428778,0.0203868720938663,0.7193022997722842,0.0153331882640962,0.5468473479406111,0.0132775796640709,No,No
28,admetchallenger,2026-09-23 06:05 UTC,Not submitted,0.4750753480589871,0.0183819620249454,0.649195458456777,0.0134679959029047,0.5878867064298592,0.0195790395822655,0.7342266907373763,0.0148952909494483,0.5555529258970221,0.0130795726691961,No,No
29,Autopilot (fully autonomous agent entry),2026-09-14 23:46 UTC,Not submitted,0.4767201651666961,0.0151106263888848,0.677197199480781,0.0126157394409855,0.5692505653252913,0.0159693433471557,0.7573466957952663,0.0143675472186121,0.5769862737437282,0.0128972762995232,No,No
30,N283T,2026-09-18 12:14 UTC,Not submitted,0.4773066815318553,0.0173302578929235,0.6621619010400669,0.0122781239572384,0.5870705623086818,0.0190217892500099,0.7205266152122858,0.0153564242863809,0.5496597818051658,0.0131221098579944,No,No
31,PCA,2026-09-14 08:50 UTC,Not submitted,0.4796223473970128,0.0175579050515796,0.6522097719412233,0.0132441269185263,0.5774649796398973,0.0207015682504703,0.730510965719466,0.0143650198007759,0.5548782056878787,0.012611285107072,No,No
32,6jhb4,2026-09-23 01:44 UTC,Not submitted,0.4803756875301704,0.0170314228470631,0.654893934243739,0.0128423767665078,0.5818308992059452,0.0203220077480586,0.7300512453427698,0.0145461142314591,0.5563219811881885,0.0126917939861917,No,No
33,7xkql,2026-09-23 01:43 UTC,Not submitted,0.481364681674632,0.0170387254667411,0.6554162106769156,0.0128469962297488,0.5830824050127545,0.0202419697663562,0.7305465911315954,0.0145070765399264,0.5569873869723252,0.0125969875950351,No,No
34,Latte,2026-09-15 08:11 UTC,Not submitted,0.4845971356159351,0.0181625315076602,0.6601455718281655,0.0133758457449703,0.5733491205822421,0.0211011186971168,0.7226566438541943,0.015095151701811,0.5483003160934745,0.0131223980825339,No,No
35,q7kp2,2026-09-23 01:42 UTC,Not submitted,0.4854177794615223,0.0173994647737708,0.6570677910518427,0.0129564645269134,0.5799817261950865,0.0206910378813301,0.7254083283544253,0.0146660475856701,0.5516203868390017,0.012749368551148,No,No
36,CoSy,2026-09-18 15:45 UTC,Not submitted,0.4865310108957137,0.0175726945987583,0.6846155443785504,0.0134642563697463,0.5481131939993106,0.0219021782550736,0.725300171116217,0.0154570313645028,0.5441537775445228,0.0135640708274742,No,No
37,nova,2026-09-22 20:49 UTC,Not submitted,0.4883957776297772,0.0195413460144054,0.656663894830167,0.0131809944572112,0.5813206284691196,0.0205152318712794,0.7297193569096659,0.0152669262590351,0.5485917681759154,0.013467447148845,No,No
38,Cheminfo,2026-09-22 01:57 UTC,Not submitted,0.4909202934859311,0.0182455103334812,0.6952325705676561,0.0130833978659053,0.5548402904246557,0.0199986348752091,0.7388947912732324,0.0155047596938662,0.568131192265848,0.0141487036392833,No,No
39,rasayan-labs,2026-09-23 09:29 UTC,https://github.com/whis9/rasayan-cyp,0.4910727400912442,0.017465769328202,0.6734873304848195,0.0128678536343681,0.5737708386836997,0.0197973204089197,0.7339903455085232,0.0146268437790812,0.5563235951464326,0.0127848822853345,No,No
40,Gashaw,2026-09-15 00:00 UTC,Not submitted,0.4924161130169003,0.0170269989716282,0.6995541642967059,0.0129775917407681,0.5380534926359158,0.0233660609420687,0.7504296294759998,0.0140328154412356,0.5693211939239893,0.012422458432229,No,No
41,TeamPrescience,2026-09-23 17:02 UTC,Not submitted,0.4926451457671141,0.0183031670351597,0.6641517286636155,0.0131819068465094,0.5696378424821806,0.0210817316495628,0.7154186772607987,0.0154836475447775,0.5411164555500345,0.0132432013281212,No,No
42,HemeSight,2026-08-28 18:08 UTC,Not submitted,0.4963481872178699,0.0172491619848852,0.6493697079474869,0.012685803423223,0.5884290229417125,0.0174837502073935,0.7333372782549787,0.0146282154722693,0.5577563555305511,0.0127150202601664,No,No
43,chem17,2026-09-23 01:15 UTC,Not submitted,0.4973216494528468,0.0165471754240617,0.6912488440157727,0.0126411966172681,0.553257642399686,0.0201941020473732,0.7361005867361091,0.0151825838766604,0.5541028304255062,0.0133995735943405,No,No
44,qql,2026-09-23 01:25 UTC,Not submitted,0.4973216494528468,0.0165471754240617,0.6912488440157727,0.0126411966172681,0.553257642399686,0.0201941020473732,0.7361005867361091,0.0151825838766604,0.5541028304255062,0.0133995735943405,No,No
45,QQQQ,2026-09-15 13:20 UTC,Not submitted,0.4976998396688337,0.0165918364709629,0.6927993074319024,0.0132602222252603,0.5430439162554362,0.0202139792420771,0.735354619640014,0.0150909106148411,0.5535319286094219,0.0132737400951009,No,No
46,LQL,2026-09-15 14:26 UTC,Not submitted,0.498267230304286,0.0165557869676343,0.693053989346856,0.0132613843218416,0.5422915998523223,0.0202233347922253,0.7371380197249171,0.0149663147847068,0.5547601634000509,0.0132197087325549,No,No
47,SVM,2026-09-23 18:12 UTC,Not submitted,0.5033444190298929,0.0163585446026163,0.7237682268833671,0.0142226429262632,0.490357646819608,0.0264784688404417,0.7633543651103813,0.0137097266559167,0.5843929922945391,0.0122012287117043,No,No
48,z,2026-09-23 12:39 UTC,Not submitted,0.5054486634024401,0.0173204236648753,0.6934322609271116,0.0134250021234151,0.5376386422736654,0.020163054525467,0.7123282319804134,0.0153149250469025,0.5320417108452262,0.0131021227402264,No,No
49,alexxi11,2026-09-17 08:27 UTC,https://github.com/datagrok-ai/admetica,0.5068636388043304,0.0161542132239414,0.7295099522432921,0.0130608493876053,0.5144638610010187,0.0202452957418218,0.7109303362470321,0.0152156992216775,0.5393182531362332,0.0130579173639401,No,Yes
50,LLLL,2026-09-15 12:15 UTC,Not submitted,0.507943448593939,0.0172288306855987,0.7018814035429125,0.0135129755564535,0.5348859528970875,0.02083084426484,0.7254369817311284,0.0154904478828397,0.5453912039240199,0.0134344260294516,No,No
51,PIPL-Bio,2026-09-13 19:12 UTC,Not submitted,0.5106081357017205,0.0178798386884907,0.6920034086209308,0.013487891322575,0.5394963440123922,0.020716095322871,0.7105270081832888,0.0155613920596232,0.5364825793494826,0.013326564140871,No,No
52,deoxys,2026-09-09 08:24 UTC,Not submitted,0.516821891600478,0.0188332383884415,0.6908237210424356,0.0133241761656854,0.5431982998676426,0.0212531046590753,0.7104785358768592,0.0153236501740781,0.534847098389195,0.0131009162675697,No,No
53,jeremy,2026-09-08 08:01 UTC,https://github.com/jeremycheminf/openadmet_scripts/tree/main/CYP_Challenge,0.5184912977981068,0.0177053182825627,0.6284812025864364,0.0133196442252734,0.6023600262678948,0.0170136950197507,0.7343087467813502,0.0148728828100128,0.5576335870844912,0.0129032222403266,No,Yes
54,QQSAR,2026-09-13 01:11 UTC,Not submitted,0.5205716540535159,0.0187243284147908,0.6880790063534669,0.0136590278122327,0.543573033229887,0.0218456860335399,0.7037141830550199,0.0157466897631476,0.5282819555440779,0.013453418167479,No,No
55,cube_cyp,2026-09-17 13:35 UTC,Not submitted,0.5219264043622495,0.0180137032403985,0.6997827594426894,0.0134897776984313,0.5245502685890124,0.0226402715712289,0.701187306383898,0.0152766195225658,0.5294547340771552,0.0130083540716147,No,No
56,happyq,2026-09-16 16:02 UTC,Not submitted,0.5266279569151013,0.0169545402834226,0.7039200561546052,0.0131125937292618,0.5309325980199234,0.0201497487378235,0.7212523582819651,0.015360511741626,0.5401231247023484,0.01342780471256,No,No
57,ÇÝPŔËŠŠ ĤÎŁŁ,2026-08-30 09:16 UTC,Not submitted,0.5290113688393794,0.0152682849486079,0.7282556406250649,0.0125919140161538,0.5161257809747247,0.0158894068023803,0.7228564251555871,0.0152823626716536,0.5495454275915201,0.0130059935464583,No,No
58,CYPNet,2026-09-16 18:25 UTC,Not submitted,0.5404363759758161,0.0188508509120045,0.7028467852800685,0.0135146539044245,0.5232603774292971,0.0221052524364702,0.6827266171662248,0.0163279790484425,0.5094268680295092,0.0136716578284927,No,No
59,harinu123,2026-09-09 20:29 UTC,Not submitted,0.5435909349553587,0.0160388089725735,0.7179507492290936,0.013038826992713,0.5173330911072672,0.0178782280182341,0.7100769652035872,0.0150407586036352,0.5354174328812243,0.012799458358987,No,No
60,joewallace,2026-09-11 09:29 UTC,Not submitted,0.5447001235809565,0.0154981741057806,0.7258311068162161,0.0133711528261094,0.5048384698245694,0.0185515970549774,0.6963040684920095,0.0160645159570506,0.5201465224819244,0.0136217102176899,No,No
61,cypster,2026-09-17 14:17 UTC,Not submitted,0.5474101831658401,0.017075450967688,0.7170165804823296,0.0140093685497674,0.5111864129440832,0.0201383162729181,0.6946928188797011,0.0162298574155494,0.5131778352041608,0.0137645314338999,No,No
62,chromingcyts,2026-09-17 12:44 UTC,Not submitted,0.5522781265157779,0.0177532400309411,0.7224321722509189,0.0140612422359852,0.5063404021324739,0.0206160508612849,0.691755860827383,0.0163032120232118,0.5094414364492004,0.0138855512553308,No,No
63,grapefruit,2026-09-23 12:18 UTC,Not submitted,0.5536233549411994,0.0148263696471995,0.7905929515450958,0.0136891169628492,0.4318899309740451,0.0238438069152203,0.7209830687486768,0.0153903564475047,0.5388454411734896,0.0134161192791018,No,No
64,molscribe,2026-09-15 02:10 UTC,Not submitted,0.5563645818357857,0.0197469954156604,0.7005717357636267,0.0138023232703706,0.5241206928554083,0.0220521379404437,0.714805009521124,0.0153679846569644,0.5366074212401103,0.0131905163036448,No,No
65,NorthCoil,2026-09-21 15:00 UTC,Not submitted,0.5592012722469973,0.0153208497500072,0.7886968311832624,0.0143437691365058,0.4259991959068921,0.0228600271044162,0.7214399334890215,0.0156709171500502,0.5435501196372079,0.0133485926900717,No,No
66,Asidsal11,2026-09-23 00:00 UTC,Not submitted,0.5603056029839558,0.0171905404297639,0.7436421148977672,0.0153368283029088,0.4602935635297897,0.0241543625095942,0.7576739126103549,0.0140171225129716,0.5807711188164179,0.0124173621967274,No,No
67,happyqwww12,2026-09-16 17:54 UTC,Not submitted,0.5614335024064029,0.0185344208004564,0.7446347104274914,0.0141656798004303,0.4783640708818689,0.0220070409013121,0.6895645855444209,0.0161977816857869,0.5082021381381635,0.0136451048548621,No,No
68,hamza322,2026-09-23 15:01 UTC,Not submitted,0.5699860630326481,0.016954044689088,0.701816060744154,0.013670293804823,0.529819987209455,0.0157999747422835,0.7021399464608682,0.0158123515660501,0.5264743510102347,0.0134444439006448,No,No
69,pump-again,2026-09-23 05:13 UTC,Not submitted,0.5758013020206378,0.0178972715346614,0.6939343973435783,0.0138352030884836,0.5371551786294778,0.0152543574108154,0.7159285835081056,0.0151481249342125,0.5333211899150467,0.013225481407232,No,No
70,Lizard Wizard Gizzard,2026-09-19 18:53 UTC,https://github.com/doctawho42/CYPChallenge/blob/main/METHOD.md,0.5760417611801169,0.01858920402414,0.6794915515657428,0.014149951432383,0.5455400975639066,0.0174634585069863,0.69347979537026,0.0159192390741021,0.5149655073925451,0.0134848071606376,No,Yes
71,babulizer,2026-09-16 05:46 UTC,Not submitted,0.5767714576886116,0.0184528370753023,0.7391115106217221,0.0142683683098072,0.4792239484576078,0.0218227593029515,0.6602244571620005,0.0172435693796491,0.4854530735938884,0.0141946298382331,No,No
72,Aspiring Green Chemist,2026-09-13 13:45 UTC,Not submitted,0.5770779962548933,0.0181603012155073,0.7080133900175947,0.014909237340176,0.4922069679689283,0.0193115158764414,0.6867213294737394,0.0168567239981829,0.516050094340473,0.0142425844242194,No,No
73,JacksonBurns,2026-09-23 19:41 UTC,https://github.com/JacksonBurns/cyp-challenge/tree/ee5ab9a6744529264d80f503ad1355010ba74c80,0.5869639156128943,0.0157103808614871,0.7602559261699963,0.0143456358791871,0.4472019731039283,0.0198889008541784,0.6799389880532789,0.016248535814644,0.507838986500875,0.013686349114244,No,Yes
74,huangzx_re,2026-09-07 06:58 UTC,Not submitted,0.5899379249637292,0.0196071686702847,0.7484107690393113,0.0139730884026783,0.4787784610469093,0.022853555220949,0.6605822020861043,0.0177655609716768,0.4843428549125131,0.0146175082812884,No,No
75,happyqwww,2026-09-16 17:28 UTC,Not submitted,0.5922358114746793,0.0193986870358618,0.7591937317096659,0.0142615431664485,0.4551836437405831,0.023114620971329,0.6665562851452078,0.0168604045087058,0.4865838344375594,0.013902160469746,No,No
76,fold-zero,2026-09-21 12:49 UTC,Not submitted,0.5982119436540908,0.0192296434408164,0.7205905563476097,0.0151397123803101,0.4834509199800896,0.0202832069310137,0.7002473961954376,0.0159470083279671,0.5212006286292605,0.0135280470344398,No,No
77,450nm,2026-09-21 01:34 UTC,https://openadmet-cyp-dashboard.vercel.app/operating_dashboard,0.6003825542192107,0.0198144741398917,0.7287516834426276,0.0146339132634318,0.4853814813936104,0.0203993044220973,0.6727787273264748,0.0159925898764944,0.4971149640834086,0.0133930172799937,No,No
78,Biomni-TusoAI,2026-09-13 16:31 UTC,Not submitted,0.6146525631707047,0.0156547300189227,0.8194051685126564,0.0135179212651617,0.3983261196261849,0.0249642383782262,0.7488451685401579,0.0145329550149554,0.5716451759142027,0.0128798276688415,No,No
79,SVK091,2026-09-01 12:59 UTC,Not submitted,0.6189268811799034,0.0201943001571485,0.773625177940593,0.014275734430111,0.4425220351350318,0.0245835512878068,0.6455293581431372,0.017685366392219,0.4729135285295224,0.0144864898446213,No,No
80,Safi,2026-09-21 04:34 UTC,Not submitted,0.6195438784849704,0.0207626810696867,0.7328090102017437,0.0156884231546163,0.4638230364736005,0.0237935036260042,0.6593773427845977,0.0177779050255222,0.4832480927927793,0.0147242570107601,No,No
81,I-11,2026-09-17 16:07 UTC,Not submitted,0.628641908381938,0.0181639233336243,0.7434493541086253,0.0143144702427318,0.479407474980283,0.0173053715154598,0.6627223735755011,0.0178771654288502,0.4876858202134738,0.0146732887237748,No,No
82,KalenJosifovski,2026-09-20 10:00 UTC,CYP CheMeleon MT+TDI TabPFN quota,0.6307618836165176,0.0220842861312661,0.8130292209166268,0.0167312410603309,0.343452346553416,0.0351562403370541,0.6885666567716676,0.0162018817493109,0.5138316048940413,0.0137167612448367,No,No
83,drp-to-admet,2026-08-21 18:09 UTC,Not submitted,0.6442629059047376,0.0223681447481126,0.6922134779712309,0.0164867080551618,0.4817741462053974,0.0230396680714101,0.714832907654377,0.015467483280293,0.5283713163259736,0.01329128249936,No,No
84,highsky,2026-09-21 05:38 UTC,Not submitted,0.6488010722804515,0.0210938554050143,0.8468134782056378,0.0157976630622182,0.3155405587073481,0.0365570599304604,0.7160171103712664,0.0151391825251221,0.5396873883358494,0.0131309804201299,No,No
85,PushingIce,2026-09-23 16:48 UTC,Not submitted,0.6537144011787145,0.017074010474832,0.7984277872105212,0.0148056568526335,0.3897117897292674,0.0194601143354883,0.6419350904688941,0.0172312683042149,0.4611062770502149,0.0140405872587246,No,No
86,yourchoice,2026-09-23 02:45 UTC,Not submitted,0.655058620616678,0.0228090896693224,0.8440791776326736,0.015829592732766,0.3089102313341941,0.0381689375095187,0.710882634286093,0.0155958328072097,0.5361659378914717,0.0134694151459628,No,No
87,cyp-o-matic,2026-09-01 13:16 UTC,Not submitted,0.6576129975417336,0.0212124240797703,0.7962011614383954,0.0153960240567858,0.4022377527482923,0.0234246001103127,0.6828592821967763,0.0159785552133673,0.5056773665552698,0.0137270346776944,No,No
88,adlvdl,2026-09-19 16:17 UTC,https://github.com/adlvdl/cyp_competition,0.6577772580426978,0.0182364759152328,0.7535005240674685,0.014904940008371,0.4586662149567835,0.0155932446244037,0.6623440764268436,0.0156861268842406,0.4881702482017231,0.012822127558765,No,Yes
89,tiprlab,2026-09-21 07:33 UTC,Not submitted,0.66207066680225,0.0172087793202917,0.8739000106516241,0.0156653826806352,0.2939977907699247,0.0307012691100258,0.7238050408962606,0.0150259822364992,0.5459980970912969,0.012901239649943,No,No
90,drp-to-admed,2026-08-20 07:54 UTC,Not submitted,0.6690971694260068,0.0235031069234704,0.6905789538554246,0.016001268868014,0.4856153300522167,0.0235549792042513,0.7146507225396962,0.0156510640441868,0.5305560578976206,0.0135833514004692,No,No
91,test,2026-09-23 00:47 UTC,Not submitted,0.672854175286288,0.0171686623928492,0.8382139449117957,0.0150644935341198,0.3513331194549965,0.0243187952634763,0.6054964879062126,0.0181073885529102,0.4437415326678925,0.0142897958256539,No,No
92,ohmycyp,2026-09-18 11:22 UTC,Not submitted,0.6748685872101354,0.0246483563936361,0.8687546003856527,0.0170699352391039,0.2636110712455443,0.0419528389202311,0.7143130429715884,0.0152407521832056,0.54059142581389,0.0131030385455761,No,No
93,TabICL-baseline,2026-08-13 04:21 UTC,Not submitted,0.6754911232298604,0.0225833191220195,0.8572053055438077,0.0160882467817636,0.2929309715805475,0.0383274926863265,0.6809076019046177,0.0165193280628815,0.5096623274248658,0.0139551556881782,No,No
94,newcyp_1,2026-09-23 01:42 UTC,Not submitted,0.6822733067442698,0.0252652916233096,0.8618960572780507,0.0162612567579679,0.307088762974525,0.0383075180825193,0.6911882851410677,0.0160799635621111,0.5149408169985733,0.013647964952978,No,No
95,Chic,2026-09-21 13:12 UTC,Not submitted,0.6837342912364244,0.0243436143786816,0.8784492406437534,0.0170068450647146,0.2729723980071248,0.0394977855378049,0.6695642385062904,0.0176383113825401,0.4942494499478653,0.014713278093845,No,No
96,lavender,2026-08-21 11:53 UTC,Not submitted,0.6845984212508577,0.0205386167485748,0.8143592108610843,0.015586307565786,0.3658278866497492,0.0255498208734326,0.6545400572363094,0.0168556872484202,0.4797340163304864,0.0139588139573617,No,No
97,nyxen321,2026-09-14 12:36 UTC,Not submitted,0.6857813405434201,0.0212621396408189,0.8321543762857855,0.0151996421820009,0.3672589509519883,0.0234549977195818,0.6634292432738745,0.0167353694043645,0.4913496263462928,0.013908996220453,No,No
98,Creme,2026-09-21 11:15 UTC,Not submitted,0.6915123339282261,0.0242923037574294,0.8784876983785654,0.0165943437917835,0.2706676766076709,0.0392823823844784,0.6597630065898539,0.0180742419388673,0.484329091825896,0.0150313006473452,No,No
99,newcyp,2026-09-23 01:42 UTC,Not submitted,0.6978813743541302,0.0232892812190427,0.8784039724232278,0.0163632071215644,0.2628468473888469,0.0396739428987643,0.7056748230103903,0.0156997807884585,0.5303851960239656,0.0135701076263436,No,No
100,AngryPochacco,2026-08-25 01:08 UTC,Not submitted,0.7044119896468943,0.0239656666942468,0.887349254163556,0.0169059747271685,0.2479310157233513,0.03977082336745,0.6902207259702964,0.0155101193672831,0.5106580057752321,0.0129498188049448,No,No
101,set12,2026-09-23 04:19 UTC,Not submitted,0.7106266181026832,0.0263237219243799,0.8845513492672589,0.0170910217801965,0.2368511387202102,0.0440438689502933,0.7108484986013296,0.0153794004184328,0.538334620760887,0.0130981787445854,No,No
102,pear,2026-09-20 13:01 UTC,Not submitted,0.7109272369443268,0.0274857825340124,0.8856594494791541,0.0175841788197458,0.2261419264301416,0.0455868241996532,0.7106516227931088,0.0153542541575875,0.5415186804464608,0.0131264885789646,No,No
103,Cynic,2026-09-23 18:33 UTC,Not submitted,0.7114149997458022,0.0244914050439447,0.8953799594125273,0.0170784340126113,0.2485273636098612,0.0399416894382744,0.6571917404217157,0.0185225661679819,0.4828991216321794,0.0152419388072981,No,No
104,vaishu53,2026-09-23 06:54 UTC,Not submitted,0.7125498965320297,0.0274498231643522,0.8856765357915625,0.0175156573054395,0.2328162337661923,0.0451102370616928,0.7123151080745674,0.0153380315725816,0.5540702072746861,0.013359061383721,No,No
105,21kd1a05e0,2026-09-20 16:10 UTC,Not submitted,0.7127771268978187,0.0275757876053632,0.8862853959413821,0.0176192165812849,0.2242910019397823,0.0457321181007303,0.7155677007895254,0.0151374261022875,0.5450372804293834,0.0130568077571293,No,No
106,lgb,2026-09-23 02:02 UTC,Not submitted,0.7159131167281301,0.0234948411808252,0.8251974231476276,0.0162172181328039,0.3549755088334232,0.0280709298093631,0.5955671823201021,0.0179429926267428,0.4302154974320881,0.014133565413049,No,No
107,LLLq,2026-09-15 11:35 UTC,Not submitted,0.7195952662929561,0.0232507603227828,0.8950655835784962,0.0166445585342624,0.2262666663390188,0.0400934597564121,0.7349577760707928,0.0154829155675926,0.5536645342294475,0.0135467701435996,No,No
108,Lirq,2026-09-15 02:13 UTC,Not submitted,0.7269530887915387,0.023269595180082,0.9056266093898068,0.0166526349320483,0.2199161323383573,0.0399731067234482,0.7342503632012314,0.0154328492208428,0.5523537809474947,0.0135467645241249,No,No
109,finetuning_fp_desc,2026-09-22 00:23 UTC,Not submitted,0.7334644728968658,0.0277802862742595,0.9089698554152732,0.0180709738452564,0.1961441226381432,0.0454507052236712,0.670178543842528,0.0169895698937557,0.499608531845032,0.0140049158727198,No,No
110,pico,2026-09-16 01:56 UTC,Not submitted,0.7353341937368999,0.0253860857149726,0.9024988008789596,0.0171556664788704,0.2147421056999221,0.0423713171618554,0.6950723506033105,0.0155574909634695,0.5197456595618103,0.013088737783587,No,No
111,sıkıntıyok,2026-09-23 09:39 UTC,Not submitted,0.7376513185582929,0.023014329294408,0.8995036627085472,0.0162932553862483,0.2322503603242182,0.0386707639267305,0.6896852558026162,0.0158504256743262,0.5090900930303337,0.0131851761283565,No,No
112,flogrammer,2026-09-01 21:56 UTC,Not submitted,0.7417800457665245,0.025212388909065,0.8341660290305403,0.0162018415568547,0.3377020240383962,0.0300640361868893,0.7095849301700557,0.0154170285421156,0.5346600578628908,0.013385275735432,No,No
113,aks,2026-09-23 06:22 UTC,Not submitted,0.7423452353790098,0.024874433497116,0.9090298596544656,0.0171485526464286,0.2030879562144521,0.0420784020678469,0.7046770543116312,0.0152379400621213,0.528872873066305,0.0129976610177112,No,No
114,ubiqtuitin,2026-09-13 02:59 UTC,Not submitted,0.7427084306049475,0.0162465883878707,0.9036281972198726,0.0153093361730024,0.2689852273319394,0.0205297523838121,0.6086884888612669,0.0177985456221876,0.4372477617815886,0.0139793851184905,No,No
115,IAB,2026-09-22 03:39 UTC,Not submitted,0.7433282813047322,0.0276172398935295,0.8999098425513672,0.0178164826860215,0.2065018895420851,0.0435932914060084,0.663861056248087,0.0167398587109471,0.4887276449255462,0.0137831023286696,No,No
116,Chocolatine,2026-08-22 12:26 UTC,Not submitted,0.7441327905602844,0.0280166423680089,0.9078186500191988,0.0175834325193908,0.1966572635096254,0.0464604417055641,0.6924683424350302,0.0156200312160719,0.5249927198911222,0.0131085348420302,No,No
117,Can,2026-09-12 20:28 UTC,Not submitted,0.7463606196157039,0.0281761732678139,0.916059803781175,0.0178526616215605,0.1825690103675653,0.0467212668327193,0.7396031439266301,0.0143629899113596,0.5587644232282738,0.0127589889730217,No,No
118,soriniXM,2026-08-31 16:58 UTC,Not submitted,0.7495456165134533,0.0264784051069879,0.9209661972318682,0.0176643038990446,0.1858993015708489,0.0442801987952178,0.6993768730475737,0.0162517477296519,0.5288129554062266,0.0136832758509951,No,No
119,CYP Blackberry,2026-09-23 14:43 UTC,Not submitted,0.7554441366914249,0.0278853709263162,0.9142792226372194,0.0174460346062761,0.1772337451113196,0.0464538648929213,0.7160700634708199,0.0161281783431816,0.5447842682263316,0.0141507184025949,No,No
120,leeherman,2026-09-13 14:15 UTC,https://docs.google.com/document/d/1Rhm161zVYxms7FYOXR6zVja5e62jtVTMXY1MXdyTqMM/edit?usp=sharing,0.7585024993681939,0.0271821381626883,0.9133913055702187,0.0174683852370419,0.1962205322255749,0.0441925473649559,0.6721019944592375,0.0159277881895184,0.4964623228887942,0.0131299414635588,No,No
121,KG-CYP,2026-09-07 09:12 UTC,Not submitted,0.7589236367412142,0.0272030396873804,0.914104101940764,0.0169649351864803,0.1983853428969773,0.044356985632629,0.6976762549013983,0.015836872337702,0.5214773437203306,0.0133926466553239,No,No
122,alchemy,2026-09-17 02:11 UTC,Not submitted,0.7610822734704055,0.0259330854197566,0.9132872758825408,0.0166526425414275,0.1831563372155895,0.0441948027472962,0.7226109885829319,0.0144368041005765,0.5421894333220406,0.0124600498344583,No,No
123,popcorn,2026-09-20 09:11 UTC,Not submitted,0.7670864211439358,0.0275902068833051,0.9279613782640008,0.0179028116014315,0.1803183624096978,0.0449639665565632,0.6565474979660334,0.0169981823692978,0.4832568259583751,0.0141241325881987,No,No
124,popcorn2,2026-09-23 17:15 UTC,https://github.com/etiu/cyp_challenge,0.7670864211439358,0.0275902068833051,0.9279613782640008,0.0179028116014315,0.1803183624096978,0.0449639665565632,0.6565474979660334,0.0169981823692978,0.4832568259583751,0.0141241325881987,No,No
125,beast,2026-09-23 11:10 UTC,Not submitted,0.7672772916443011,0.0278334096888094,0.918645032940388,0.0167613293910946,0.1904309473865933,0.0458782296103236,0.7177695078818931,0.0154816272812671,0.5383000512911263,0.0134108938831485,No,No
126,lemamach,2026-08-28 09:43 UTC,Not submitted,0.7726390267886061,0.0265773263111432,0.9259852934496052,0.0177571945674798,0.1776255587906089,0.0436446600743446,0.6825942706277939,0.0163554864345623,0.5061672948096722,0.0136507302271082,Yes,No
127,mobster,2026-09-20 18:56 UTC,Not submitted,0.7753244826053154,0.0245506618249903,0.9285644478167914,0.0169385972310653,0.1815549115199753,0.0415967412383546,0.6918459585014348,0.0164716220134065,0.5130841438382682,0.0140007241472845,No,No
128,CYPSharedGraphs,2026-09-09 12:32 UTC,Not submitted,0.7841407822652857,0.0290207549647091,0.9515290616807652,0.0180868669816071,0.1378523166453709,0.0483196235243726,0.7235298814967408,0.0155045310892864,0.5455979483910228,0.0134710104833681,No,No
129,autumnZ,2026-09-05 15:52 UTC,CYP-DIRECT-FULL-CP22-ALLASSAY-MS5-ETSTACK-v1,0.7866717552885814,0.0252632970288423,0.944720488789141,0.0173796085659355,0.1625687544727087,0.0426656196949507,0.6680740488210555,0.0173290961306036,0.4942260609843489,0.0144943405504057,No,No
130,rxbox1,2026-09-18 17:55 UTC,Not submitted,0.7877820591628477,0.0263879523329622,0.9419775767697532,0.0172597154743357,0.155767795840466,0.0444494494097257,0.7037485859329144,0.0156744966455001,0.5276562709714647,0.0132862524847411,No,No
131,qxw138,2026-09-22 06:06 UTC,Not submitted,0.7907559943578825,0.0284767846772109,0.9372059896260314,0.017303867341113,0.1539576133700157,0.0471358483006202,0.7107597916098426,0.0157413717260339,0.5337610451445932,0.0134224769039296,No,No
132,wizard_of_cyp_exp8,2026-09-20 07:42 UTC,Not submitted,0.7918450408939965,0.0282792109109298,0.9332041623632203,0.0175783167142695,0.1622857047762324,0.0466364365300259,0.6841367935017825,0.0162985872451413,0.5098672135229813,0.0136892423480505,No,No
133,milo-voss,2026-09-06 08:42 UTC,Not submitted,0.7968583114051948,0.0279539292116297,0.9534675832614434,0.0180177161233871,0.128314857664283,0.0468504849499891,0.7112835422917484,0.0156770015911606,0.533412847966606,0.0134469160949893,No,No
134,dftchemist,2026-09-23 18:02 UTC,v11,0.8055863243902863,0.0279952713160859,0.9549054197440922,0.0177723249668936,0.1249535014694056,0.047468411651805,0.6975142703411398,0.01583262950967,0.5244124005750914,0.0133370269675948,Yes,No
135,blue,2026-09-23 00:45 UTC,Not submitted,0.8056251125776388,0.0263569761341266,0.9459508266059132,0.017922679578667,0.1443110312617559,0.0437503662626456,0.6054964879062126,0.0181073885529102,0.4437415326678925,0.0142897958256539,No,No
136,delay,2026-09-20 19:09 UTC,Not submitted,0.8071054839002118,0.0258277582085143,0.952868626788786,0.0172835814716939,0.154537929099515,0.0427781493161809,0.6369021513241908,0.0175558293383057,0.4645110334810855,0.0144343563767453,No,No
137,baseline_icl_chemprop,2026-08-19 09:04 UTC,Not submitted,0.8082233828836533,0.0279177996996416,0.9478941153999368,0.0174872155269449,0.1367470202174495,0.0460819784423809,0.6790803959045421,0.0159576878347368,0.5040416279371608,0.013407578685063,No,No
138,tabicl_moljepa_cyp_no_ft,2026-08-27 13:01 UTC,Not submitted,0.809612628664851,0.0266740307178229,0.9492862753301458,0.0173249423293719,0.1536024177033179,0.0436209694287963,0.6525744388829047,0.0171478048441753,0.4780284758170597,0.0141440162174711,No,No
139,Woong,2026-09-15 10:51 UTC,Not submitted,0.8141124202231976,0.0272730060202424,0.967032722163297,0.0178244182480843,0.1064964704725041,0.0459465962038939,0.7126876747645347,0.0152433927845873,0.531144523779157,0.0130119666159878,No,No
140,thinkMolecular,2026-09-23 07:35 UTC,Not submitted,0.822465096167787,0.0258348047382026,0.9592018641012412,0.0172506907622865,0.1487250209212608,0.0421489680676515,0.6431342698012765,0.0170585415178525,0.467984349523898,0.0137880809795503,No,No
141,Chemical Dilettante,2026-09-21 11:46 UTC,Not submitted,0.8253615721454503,0.0254165988917508,0.9670072670267384,0.0177385259158256,0.1226953900881938,0.0427684147000251,0.642991205758,0.0172543351196219,0.4722444831654058,0.0141918380780442,No,No
142,Daenerys,2026-09-23 07:37 UTC,Not submitted,0.8284278467632189,0.0271500269225686,0.9643699426713588,0.0176696227788856,0.1243963406852316,0.0442169872638581,0.6348093767917745,0.0170555145846035,0.4596836839860718,0.013760237732404,No,No
143,hanyc,2026-09-23 13:09 UTC,Not submitted,0.8284278467632189,0.0271500269225686,0.9643699426713588,0.0176696227788856,0.1243963406852316,0.0442169872638581,0.6348093767917745,0.0170555145846035,0.4596836839860718,0.013760237732404,No,No
144,shoppers,2026-08-31 17:58 UTC,Not submitted,0.8321249575247377,0.0249829854981923,0.9665652199081188,0.0176420092564359,0.1149995770687101,0.0426549049874144,0.6501780219408138,0.0169984571075863,0.471601378226452,0.0137778781612643,No,No
145,CheMeleon-baseline,2026-08-13 04:21 UTC,Not submitted,0.8335417856610204,0.0320663047916078,0.9714051509391204,0.0191797821154841,0.0941072620828053,0.0511347773265419,0.6473656657222617,0.0172563286866495,0.4763642184799824,0.0141394848174387,No,No
146,molairity,2026-09-21 17:06 UTC,chemprop-multitask,0.8360931050824041,0.0199382062047405,0.954588651655314,0.0152890537331772,0.1846951184544311,0.030783657323637,0.6617684676968196,0.017214319597042,0.4856757684012185,0.0141759630553373,No,No
147,hyc,2026-09-23 12:18 UTC,Not submitted,0.8385644511083695,0.028153082543562,0.969968149836946,0.017777835762447,0.111228455766054,0.0458475905806939,0.6336999091315442,0.0171677907701917,0.4589590864555953,0.0137717477259727,No,No
148,low-effort,2026-09-18 06:57 UTC,Not submitted,0.8441907310796705,0.0272679383926649,0.973131402749945,0.0177473893823441,0.1080468038165294,0.0439841627185568,0.6233778150904953,0.017672744893772,0.4542589557400199,0.014154941328563,No,No
149,JohnSnow,2026-09-23 06:07 UTC,Not submitted,0.8466961592445416,0.0281503173008095,0.9744670194732574,0.0179451635695802,0.1024400300961928,0.0460151246455072,0.6302338446895346,0.0167552086418658,0.4565151661783034,0.0134307654426792,No,No
150,cyp450_reg,2026-09-22 09:20 UTC,Not submitted,0.8477529799645225,0.0160990571568324,1.0008058711359276,0.0172836558601112,0.0927854157260312,0.0274139610474497,0.5342899058052659,0.0184640697310693,0.382307661803333,0.0141999336966535,No,No
151,avaliev,2026-08-22 17:46 UTC,Not submitted,0.8485804210320617,0.0264451258293408,0.981315171842278,0.0172132191410702,0.0984591346130932,0.0446014876204496,0.6439367505251793,0.0175368106776158,0.474412862735071,0.0142825159825755,No,No
152,pola,2026-09-10 07:12 UTC,Not submitted,0.8517311414456556,0.0291032247361934,0.9873475319996682,0.0180209378280634,0.080812134513437,0.0476838578149375,0.6530429433576264,0.0171231869960002,0.4777824562227925,0.0139569398874943,No,No
153,vgny,2026-08-25 12:39 UTC,Not submitted,0.8527286857286855,0.0316642161829716,0.9822098898120498,0.0184555857562287,0.0679024157108284,0.0510102195640705,0.644953152492269,0.0171877007603842,0.4732237012592434,0.0140199492761583,No,No
154,chemfm-baseline,2026-08-25 23:58 UTC,Not submitted,0.8528846301831755,0.0297024180330403,0.9739535396710104,0.0183721574996174,0.0865530154066959,0.0488266749396759,0.6253733508224444,0.0175290527964734,0.4553131190307131,0.0140472488473607,No,No
155,ademmanlincoln07,2026-09-20 11:49 UTC,https://github.com/AdemolaTolulope/cyp-inhibition-profiler,0.8551061711230294,0.0282037054434427,0.9827899741455828,0.0181512887757974,0.0862321772120993,0.0459862307660899,0.624592537588653,0.0176076149348291,0.454663800462052,0.0143311980649238,No,Yes
156,levi_12,2026-09-12 10:29 UTC,Not submitted,0.8558620166792728,0.0289077399766518,0.980928507936738,0.0177006062492293,0.0936233583783291,0.0470670343138225,0.6146841629382532,0.0178000881417877,0.44646411596552,0.0142917750933033,No,No
157,mahmed,2026-08-31 17:17 UTC,Not submitted,0.8567663735625564,0.0262638199639806,0.9951284191987496,0.0180116084805469,0.087013919523797,0.0437427057636718,0.6324656897310695,0.0181139112643172,0.4630090207525434,0.0146606777414209,No,No
158,ppsqq,2026-09-14 09:42 UTC,Not submitted,0.8608118816279188,0.0290625699926114,0.9851227003040604,0.0180950948673378,0.0837332749061495,0.0472384971098693,0.6601653306407929,0.0171202323009372,0.4836051163027075,0.0140505452446593,No,No
159,fc3b81d3,2026-09-21 04:23 UTC,Not submitted,0.8658261613745356,0.0253842606766184,0.9870978117520612,0.0173781396988329,0.0906828562913833,0.0417265637797383,0.6061920512913949,0.0184259447900558,0.4398441856791031,0.0145339543361223,No,No
160,SoriniX,2026-09-02 16:46 UTC,Not submitted,0.8709030166834416,0.0264957857411237,0.987271257773651,0.017896306954197,0.0855102906255986,0.0433412169807055,0.6153004336988815,0.0176278651263596,0.4449130221209578,0.0140919835338189,No,No
161,Diablo II,2026-09-16 00:31 UTC,Not submitted,0.8760859493104894,0.0272055091171632,1.0035103592083527,0.0183410008252172,0.037134840435184,0.0459767776064778,0.6510439402489154,0.017028567080791,0.4726221918518716,0.0136488556124922,No,No
162,Eddard Stark,2026-09-23 08:09 UTC,Not submitted,0.8783903232659878,0.0278432674381066,1.0045903064560435,0.0186113925725905,0.0577061288601075,0.0450950971917725,0.6251326922441877,0.0171797341930209,0.4489703157059942,0.0137992457495754,No,No
163,niteesh2799,2026-09-23 11:43 UTC,Not submitted,0.88396878310399,0.0292250761269852,0.9975327013038832,0.0179025105948573,0.0670673141142145,0.0476164481581622,0.6222585260703717,0.0175566701433421,0.4518250462697212,0.0141608396063111,No,No
164,Liris,2026-09-14 16:54 UTC,Not submitted,0.8847641342955904,0.0291258301151151,1.0051980110484957,0.0183234549987262,0.0421290720036046,0.0484209729023898,0.6558096362267551,0.0169951831451153,0.480655898968742,0.0140491821334229,No,No
165,cartography,2026-09-18 14:27 UTC,Not submitted,0.8868661431156715,0.0295910517360641,1.0076818039669138,0.0189100869228655,0.0380471345687659,0.0489391626369095,0.6340427195293376,0.0168385378419953,0.4559938183279337,0.0134124107715805,No,No
166,aries,2026-09-23 02:01 UTC,Not submitted,0.8909368657838173,0.0298932123858292,0.9988376303723576,0.0184866524997255,0.0598676949533822,0.0473160054973863,0.5955671823201021,0.0179429926267428,0.4302154974320881,0.014133565413049,No,No
167,Kutoynash,2026-09-15 17:40 UTC,Not submitted,0.8926278035531535,0.0315644592733129,1.0194519268983884,0.0191360235756357,0.0276511276277774,0.0513953528436915,0.6471014817926932,0.0177601927535075,0.4757825681728899,0.0146057849028327,No,No
168,LGBM-baseline,2026-08-13 04:21 UTC,Not submitted,0.8928668500487127,0.0284760810888944,0.9999979103474612,0.0179492238662646,0.0663790556716864,0.0452309851012379,0.5975083220756402,0.0184182966222987,0.4304566078315792,0.0144234846506912,No,No
169,rogerbyrne,2026-09-01 09:39 UTC,Not submitted,0.8960278543277702,0.0284361133247094,1.0102260002445953,0.018048379066883,0.0366103806011241,0.0472322736974317,0.5885872640192127,0.0183566891481759,0.422156409109649,0.0143958945787877,No,No
170,XGB-baseline,2026-08-13 04:21 UTC,Not submitted,0.8974876642688272,0.0276233123877156,1.0048379703606976,0.017697596224987,0.0631587743969549,0.0444987379790855,0.5972481453508828,0.0180428017039716,0.4312033812003621,0.0141503115106198,No,No
171,MLearner,2026-09-22 07:57 UTC,Not submitted,0.8994089230715295,0.0272346409787187,1.0037481318391952,0.0174545120782031,0.0635268113584644,0.0439013247592829,0.610431362506019,0.0177774473232786,0.4405422852506486,0.014271981555916,No,No
172,mol-architect,2026-08-24 19:27 UTC,Not submitted,0.9006380664506505,0.0282009733220108,1.0202995192060549,0.0185169199459216,0.0285543530983034,0.0463243619923553,0.6285822619570053,0.0180314541010356,0.4554944304286317,0.0145667921354672,No,No
173,ahmed-blh,2026-08-27 08:34 UTC,Not submitted,0.9013651828250866,0.0295185433564867,1.0169513251585822,0.0188716808152358,0.0352700995217542,0.0478445713700478,0.5896128532556035,0.0190028082021613,0.4220122200899939,0.0147741497855447,No,No
174,intrinsically-disordered,2026-08-27 13:26 UTC,Not submitted,0.9021769161631086,0.0259108945568119,1.0091621352546416,0.0177930808110247,0.0361783689484318,0.0427807175354831,0.5951640748084279,0.0167844573217687,0.4241923516176423,0.0132500200276137,No,No
175,Goodnight,2026-09-23 17:36 UTC,Not submitted,0.9033366167005464,0.0302179553355456,1.009458367375903,0.0181799655161295,0.0401220524104802,0.0488345868969631,0.5983331362765895,0.0185703409563282,0.4338087810760521,0.014670820720342,No,No
176,SLP_JJ1,2026-09-23 02:23 UTC,Not submitted,0.9080686224831446,0.0271950707705025,1.011547601851455,0.0179880964427612,0.0390582410819276,0.0441017297689219,0.5648342398006849,0.0187509192682663,0.4018152052085476,0.0142976175365292,Yes,No
177,LianQ,2026-09-15 08:30 UTC,Not submitted,0.9094462988623652,0.0281627220317165,1.0253009196389289,0.0186099551463501,0.0077246431645615,0.0462726898287409,0.6124808060316062,0.0171154719365765,0.4357013535969213,0.0136699232953688,No,No
178,tipr,2026-09-16 06:07 UTC,Not submitted,0.9095734504905526,0.0305098512260188,1.0162370726765129,0.0182212489224345,0.048935865335286,0.0490185711574952,0.6180047864273811,0.0193594607537645,0.4505561086581494,0.0153733933260707,No,No
179,siryu.ai,2026-09-20 23:32 UTC,Not submitted,0.913532816073062,0.0292810971258793,1.0257014685860022,0.0190429119150991,0.0226891755810132,0.0473483084579093,0.6062170007349047,0.0185744389148553,0.4396588521787326,0.0148384258187516,No,No
180,Leo,2026-09-22 05:38 UTC,Not submitted,0.9138828512932292,0.0292738090835504,1.0315307879259366,0.0187649411164385,0.0031645748996701,0.0487420339953414,0.6349000045394351,0.0171489836857748,0.46164118862436,0.0139787947342826,No,No
181,bioai96,2026-08-24 14:40 UTC,Not submitted,0.9144076388367776,0.0318019275028186,1.0335312349082049,0.0192670408385275,-0.0108999909571903,0.0521223769884779,0.6295455011872702,0.0178051854433914,0.4577360217108496,0.0143634801879296,No,No
182,surya,2026-09-23 12:32 UTC,Not submitted,0.915164613630487,0.0291243178643889,1.0162515198772302,0.0181966966732349,0.0352230365854826,0.0469962601743884,0.6012564170910264,0.017869842209218,0.4344198555176971,0.0141694031290104,No,No
183,perapu-5e0,2026-09-23 12:34 UTC,Not submitted,0.915164613630487,0.0291243178643889,1.0162515198772302,0.0181966966732349,0.0352230365854826,0.0469962601743884,0.6012564170910264,0.017869842209218,0.4344198555176971,0.0141694031290104,No,No
184,KNIMEST,2026-09-20 15:49 UTC,chemeleon_v1,0.9156122082815052,0.0277447115083825,1.024495654405761,0.0183789485704103,0.0275621722224955,0.0455451715773682,0.5711907050574341,0.0189261355961624,0.4043318095049601,0.0147950882247574,No,No
185,peraputeja,2026-09-23 11:07 UTC,Not submitted,0.9177070884006095,0.0294671998442609,1.0199970682808683,0.0180854971992786,0.0286744628355096,0.0480193665392948,0.5861636221050713,0.0188912430433252,0.4236318534535223,0.0149450928255502,No,No
186,915Q,2026-09-15 16:21 UTC,Not submitted,0.918789915254978,0.0296068198144285,1.0339247868598878,0.0189672388292074,-0.0107595760044425,0.0494777119748893,0.6563612405116156,0.0165455418547349,0.479261044172353,0.0136342156273477,No,No
187,Lin,2026-09-19 05:59 UTC,Not submitted,0.9232508829430964,0.0307788521241218,1.0392345682447992,0.0192058514140712,-0.0327739581993746,0.0510984314032187,0.6437023378080126,0.0176600343067827,0.4713481815700705,0.0142832558437919,No,No
188,AffinityNet1,2026-09-17 10:19 UTC,Not submitted,0.9242169331310762,0.0266519789547822,1.023682586960866,0.0182265363305407,0.011336052744515,0.0438213964539648,0.5818072557750719,0.0181830752521098,0.4138086808216286,0.0140382024000651,No,No
189,set12,2026-08-29 06:06 UTC,Not submitted,0.9254064238439316,0.0332218198517362,1.0180283888034072,0.0182800069897088,0.0153159330484898,0.0522318481303372,0.6255838024890805,0.0180121249534092,0.4565121533036165,0.0143764586908965,No,No
190,vaishnavi53,2026-08-31 05:35 UTC,Not submitted,0.9254064238448968,0.0332218198516704,1.0180283888016315,0.0182800069893693,0.0153159330578407,0.0522318481311002,0.6255838024890805,0.0180121249534092,0.4565121533036165,0.0143764586908965,No,No
191,sub-reg-1,2026-08-24 15:27 UTC,Not submitted,0.9261812142042236,0.0309913120403815,1.0385155994801691,0.0190308522592386,-0.0044793510768943,0.051013568893501,0.5868508952749235,0.0187855046294586,0.427039374411308,0.0149339479850258,No,No
192,splicedAffinity,2026-09-18 15:02 UTC,Not submitted,0.928715707700678,0.0263099077350316,1.0276021509027164,0.0180434910282264,0.0098394137913509,0.043303473988923,0.5884137062932006,0.017769846303773,0.4178199004773896,0.0138238552901423,No,No
193,tnt1234,2026-08-23 19:59 UTC,Not submitted,0.92945958657405,0.0289231594256792,1.026652624687714,0.0182866637806979,0.0028014248587008,0.0471206679606426,0.6197047488593613,0.0176847174681895,0.4461831968314522,0.014257267153375,No,No
194,VMBB1,2026-08-26 17:45 UTC,Not submitted,0.9316655537903294,0.0294307973848509,1.0277411108896115,0.0180962758158045,0.0194445152427443,0.0477588243512173,0.5711246210032038,0.0192632638638166,0.4112405483364592,0.0150789611730775,No,No
195,peraputeja5,2026-09-23 11:11 UTC,Not submitted,0.932825608746511,0.0283797076375682,1.0318570970235403,0.0177463594754417,0.0134781385749935,0.0467743387164171,0.5956140792676172,0.0178664393804624,0.4289770266533949,0.0141818671139118,No,No
196,glhf,2026-09-05 02:10 UTC,Not submitted,0.9334800566639306,0.0292928132741244,1.0383172863967762,0.0185327992334292,-0.0085844775119947,0.0474148020562397,0.6302470239760729,0.0172090003048408,0.453271432163693,0.0139883843183112,No,No
197,lbgm fortune,2026-09-23 02:22 UTC,Not submitted,0.935501028733947,0.0289392357262865,1.0336676034451804,0.0184410754394587,0.0037996375988173,0.0474522416927087,0.6096352301014639,0.0176903172729108,0.4402766009346232,0.0141139209399989,No,No
198,set21,2026-09-22 04:33 UTC,Not submitted,0.939871695691464,0.0304670690648701,1.0330402575093047,0.0183138180611477,-0.004833851694922,0.0503538799375667,0.6034853634486217,0.0180803506629064,0.4379859874625627,0.014387564612931,No,No
199,caithmac,2026-08-24 06:07 UTC,Not submitted,0.9430794690016164,0.0289018177285214,1.0419147178921089,0.0180697156368189,-0.0063600351828623,0.0476881572647036,0.5870519581748257,0.0183821147650261,0.4257335734705688,0.0143358268607576,No,No
200,Waz-Dogz9000,2026-09-18 20:37 UTC,https://github.com/repowazdogz-droid/omega-openadmet-cyp-challenge,0.9437211571358588,0.0357770903714649,1.045469384785765,0.0198060234454435,-0.0403661077067096,0.0571211333147686,0.6219163243565486,0.0191148108981137,0.4551395455009953,0.0153022919522918,No,Yes
201,MM-2026,2026-08-27 19:34 UTC,Not submitted,0.9474949430357262,0.0301839774556112,1.0396819802674844,0.0185109132189271,-0.0162511305701425,0.0490082614971469,0.6336760458992645,0.0175498194491641,0.4567449534801999,0.0141055720664663,No,No
202,srkarra,2026-08-20 16:59 UTC,Not submitted,0.9490767721694624,0.0296870254911072,1.0345810179205657,0.0187872340178503,-0.0019207285635459,0.0472969630886,0.5531971350912203,0.0187558911303366,0.3932374052720907,0.014255869763987,No,No
203,ojas,2026-09-18 05:48 UTC,Not submitted,0.954185913206358,0.0303139305676243,1.0103409397688732,0.0185030536513045,0.022826055621698,0.0470305130593975,0.4992505437177187,0.0213495745667062,0.3561562389562995,0.0156718232158435,No,No
204,nkwork,2026-08-29 10:47 UTC,https://github.com/nkwork9999/mollibra-challenges/blob/main/reports/openadmet_method.md,0.95544531964441,0.0297379176150893,1.0582463713278214,0.0190336316592148,-0.0317399662820306,0.0487280335703489,0.5483011076952583,0.0201149285507398,0.38881852780096,0.0156232164221538,No,Yes
205,Bhuvana,2026-09-21 14:06 UTC,Not submitted,0.9564533627468588,0.0295270996102249,1.053486108757981,0.0191491145420975,-0.0305987145069872,0.0490003121065187,0.519444687469448,0.0213191824727972,0.3649939905542402,0.0161910321128513,No,No
206,Swathi007,2026-09-21 05:20 UTC,Not submitted,0.9569154678889332,0.0303515005197298,1.0146057053503017,0.0186576569701105,0.0160070222801308,0.0467517959462003,0.4937059549969589,0.0218309666831231,0.3518233527636735,0.0159794649175248,No,No
207,Jackson Yamvwa,2026-09-22 20:38 UTC,https://github.com/Jackson-yamvwa/DrugDiscovery-Py/blob/main/openadmet-cyp-challenge%2FMETHOD_REPORT.md,0.9603209829489904,0.0304062799950197,1.0536948870497835,0.0188327843830858,-0.0434015228198846,0.0500739687387997,0.6240289329248927,0.0176102934567072,0.4498475742319012,0.0142351242048266,No,Yes
208,Pairs?,2026-09-10 21:06 UTC,Not submitted,0.9606847586029368,0.0323172888663979,1.0497046398523642,0.0191721629851194,-0.0365091800956966,0.0530552419721238,0.5460350376472001,0.0193314022202422,0.3910714332629857,0.0147079757743461,No,No
209,warrior,2026-09-23 13:17 UTC,Not submitted,0.967666025268894,0.0318603055516716,1.062791513034078,0.0192851214987422,-0.0458652169197956,0.051306267997698,0.5840117200233723,0.0190337801685465,0.4169315267204478,0.0149979951250168,No,No
210,pramdhan1,2026-08-23 18:21 UTC,Not submitted,0.9688755241144532,0.0290021899796597,1.0597642268709797,0.0188312761485571,-0.0336496419409224,0.0474372722025584,0.6213510234102163,0.0181685899172746,0.4515492310543446,0.0147069728622671,No,No
211,AL,2026-09-20 01:31 UTC,Not submitted,0.9739830242911288,0.032715818273556,1.0726954478651258,0.0199618835344594,-0.0793306210871167,0.0538758815361346,0.6148735298677293,0.0189384537171278,0.4392537411387381,0.0151906279233453,No,No
212,CYPCompass,2026-09-15 00:59 UTC,Not submitted,0.9827044509419668,0.0293595443684644,1.0652407214756263,0.0184528124214361,-0.0531754204159444,0.0479763351937002,0.5900071606252818,0.0182878525796215,0.4227179052388677,0.0143154653793293,No,No
213,cyp-happens,2026-08-25 20:45 UTC,Not submitted,0.9873431166162184,0.0304472966501773,1.063290581572213,0.0189839843928954,-0.050327731822337,0.0486969555493613,0.5522406932787735,0.019544930529949,0.3938644926104199,0.0149335374341763,No,No
214,babulizer1,2026-09-18 05:10 UTC,Not submitted,0.9892384125728412,0.0197704356397174,1.0682487731830457,0.0176977849725768,-0.0308967169694221,0.0335303376854695,0.4542741098486876,0.023688352424689,0.3163041958695147,0.0171258826340402,No,No
215,Qaq,2026-09-16 10:10 UTC,Not submitted,0.992308982808784,0.0297386321167456,1.069340609090034,0.0183461768059021,-0.0490671424092188,0.0482075854113379,0.5416198787515357,0.0199828127184556,0.387555968187323,0.0154294332167899,No,No
216,SoftMachine,2026-09-15 10:11 UTC,https://github.com/acnash/Strange-Matter-Engine/blob/main/results/production_genetic_programming_graph_ca_cyp3a4_v1/GP-CIA-EA-CV-CYP-GCA_METHOD.md,0.9945996086773616,0.0282894865899009,1.0687928120723873,0.0190216327739341,-0.0655668018421364,0.0464638876419929,0.5497596878962003,0.018072270401106,0.3877589506039268,0.0138981261279302,No,Yes
217,Shruti202,2026-09-14 14:30 UTC,Not submitted,0.9971461233306482,0.0301438636305347,1.0803042481335616,0.0195518257444458,-0.0876923316334115,0.0499096890962603,0.5357691524148114,0.0207559281280869,0.3749872507983305,0.015761904834058,No,No
218,yuan3,2026-09-18 14:45 UTC,Not submitted,1.0015123370599115,0.0273084097485263,1.0676036375060622,0.017937122456832,-0.0210562129357105,0.0427767752640549,0.577891594380075,0.0200984368614746,0.4167891191284301,0.0156187410513068,No,No
219,coolbeans,2026-09-23 01:51 UTC,Not submitted,1.0046137517192446,0.0350099653870935,1.0970441976840448,0.0215588115371569,-0.1387767499100773,0.05714970178835,0.5549378560674493,0.0199681447966509,0.3923039728682525,0.0153442786667539,No,No
220,yuan1,2026-09-18 12:37 UTC,Not submitted,1.0048860570895974,0.0279053601678903,1.072661135516328,0.0181929840949278,-0.0352405468351965,0.0440497576492601,0.5613679387874645,0.0202940492403681,0.4026082549507034,0.0155793774499917,Yes,No
221,CompChem Magicano,2026-09-22 03:59 UTC,Not submitted,1.0057644244803656,0.0310189866605234,1.082878153161961,0.0192969296733453,-0.0990374329372241,0.050582287515468,0.6070793019915878,0.0185177945955359,0.4350873379889009,0.014638194644394,No,No
222,huangsz,2026-09-03 07:53 UTC,Not submitted,1.008830016483996,0.0303996002872001,1.0958580876324455,0.0195227001022361,-0.1045659316499534,0.050032413651074,0.5504053205168473,0.0200919462782242,0.3886932447044175,0.0153509368318394,No,No
223,wfondrie,2026-09-10 23:44 UTC,Not submitted,1.0103366069063358,0.0301111882624642,1.0857121348528636,0.0194483717289468,-0.0734442812839899,0.0484890949150778,0.4941850045011076,0.02234787333315,0.3470548816299094,0.0169318491200507,Yes,No
224,ulcompute,2026-08-26 23:06 UTC,Not submitted,1.0172255286846166,0.0317921138926418,1.0749267114433518,0.0188921781928986,-0.0804087360277039,0.0510291862500075,0.465397070922684,0.0146894269432546,0.3307837665456582,0.0117617573806015,No,No
225,dengxm,2026-09-03 07:54 UTC,Not submitted,1.0197277669514704,0.0309436138632388,1.1008840377457632,0.0193718974173602,-0.1188809405731753,0.0510314331868144,0.5447320423635565,0.0207680733819693,0.3861108025831156,0.0156928918519713,No,No
226,HemeCompass2026,2026-09-04 05:07 UTC,Not submitted,1.0262666869259605,0.0349637356325425,1.115704672615606,0.0214897187435019,-0.1679367743880892,0.0573816926670178,0.5838790788721663,0.0194615915861224,0.4235344263410654,0.0153981067218199,No,No
227,NewBees,2026-09-20 21:34 UTC,Not submitted,1.0350867911645014,0.0279752399388509,1.1015441044506864,0.0188941478490583,-0.105428762544313,0.0453295771373815,0.5169395609933249,0.0199040757653037,0.3637532265527569,0.0150293052741022,No,No
228,BUAIS Comp Bio Team,2026-09-08 03:20 UTC,Not submitted,1.1041142212393025,0.0315326647733717,1.1246089070625458,0.019504685538372,-0.1750073550834044,0.0499070522588207,0.4461853609714762,0.0214329260418435,0.3275254296707066,0.0165107124692028,No,No
229,HBI,2026-09-20 01:01 UTC,https://huggingface.co/buildingpeps/hbi-cyp-challenge-v2,1.117252049714679,0.0308239315313669,1.1515830666424638,0.0200495172762115,-0.221529204256298,0.0499930467170681,0.4200755641535815,0.0217374032755845,0.2936664838880571,0.015617204552333,No,No
230,yuan,2026-09-18 11:55 UTC,Not submitted,1.1253376325111448,0.0290257422939579,1.1466533136643082,0.018995727817211,-0.1642422287278809,0.0443788543534587,0.4485475267369884,0.0224831080053599,0.3123775391047398,0.0161789405059969,No,No
231,dargason,2026-08-21 13:18 UTC,https://admet-cyp.aetherark.com/regression-submissions.html,1.1608940694364442,0.032924609252275,1.1832210471533506,0.020275090754714,-0.2358664068347961,0.0523820572160688,0.3918750657408927,0.0249955366656064,0.2717828696227833,0.01807230418769,No,Yes
232,huangzx_re,2026-08-31 07:22 UTC,Not submitted,1.2524389532391378,0.0365398270108867,1.24754211536056,0.0218571676434738,-0.3803849338770272,0.0573571063304714,0.2015549946767964,0.0255305294699112,0.135067304066267,0.0172505356037347,No,No
233,csnbritt,2026-08-26 19:44 UTC,Not submitted,1.3058945957149928,0.039793232676738,1.2621486151492016,0.0212210309443425,-0.4378257864915498,0.0635810978515896,0.4522056003602892,0.0212726545176651,0.3150416605709412,0.0153690500875205,No,No
234,MLT,2026-09-23 00:24 UTC,Not submitted,1.3146122173562529,0.0311571890573881,1.2821541978562416,0.0212961399893125,-0.4535134445175963,0.0497991585530009,0.0225928837525276,0.0259735183747815,0.0165559940926218,0.0174919720101608,No,No
235,zxhuang_nn,2026-08-31 05:05 UTC,Not submitted,1.5183511541563557,0.0444809321397973,1.4121040353512215,0.024166115082408,-0.7536866359026271,0.0696818540573476,0.0176011667640151,0.0262642151871165,0.0113216224623091,0.0174386919303769,No,No
236,srikruthi12,2026-08-29 05:19 UTC,Not submitted,1.921007061034073,0.0868951810018811,1.5439951413837247,0.025143772887338,-2.215877579956238,0.22590555482378,0.4717473674621706,0.0198340794918071,0.3453517507117238,0.0154535253936817,No,No
237,GokulS2k,2026-09-23 16:32 UTC,Not submitted,2.2655702397988584,0.0735886649062484,1.9211023324061465,0.0217130684470829,-2.030664243480748,0.1495917755250088,0.6801420780028968,0.0167467994147337,0.5013047085873503,0.0141107435215288,No,No
238,swa,2026-09-17 10:17 UTC,Not submitted,3333.8648572765,194.51957908579283,1878.945334050484,55.50504255244865,-8986670.307842014,689108.0805962401,0.2609031190298073,0.0275476696168375,0.1927051681909949,0.0190118008702346,No,No
